index,db_id,prompt_tokens,new_tokens,calls,total_iterations,avg_iter_per_call,avg_iter_per_token,time_sec,toks_per_sec,stop_reason
0,concert_singer,166,14,2,11,5.5,0.7857142857142857,0.9644908905029297,30.41867096234453,eos
1,concert_singer,167,14,2,11,5.5,0.7857142857142857,0.3283097743988037,47.761799839090834,eos
2,concert_singer,178,19,2,11,5.5,0.5789473684210527,0.43323493003845215,49.89922366673022,eos
3,concert_singer,177,19,2,11,5.5,0.5789473684210527,0.3128502368927002,68.77489644524897,eos
4,concert_singer,175,41,3,23,7.666666666666667,0.5609756097560976,1.0093612670898438,43.66507515602023,eos
5,concert_singer,174,41,3,24,8.0,0.5853658536585366,1.7358894348144531,26.025695498205717,eos
6,concert_singer,174,24,2,14,7.0,0.5833333333333334,1.119105577468872,22.903828692928016,eos
7,concert_singer,175,27,2,18,9.0,0.6666666666666666,1.3417000770568848,22.01087932223755,eos
8,concert_singer,174,18,2,10,5.0,0.5555555555555556,0.8198831081390381,25.404005079644907,eos
9,concert_singer,173,18,2,7,3.5,0.3888888888888889,0.6279885768890381,35.55512131526672,eos
10,concert_singer,171,22,2,14,7.0,0.6363636363636364,1.1299998760223389,21.873661601679242,eos
11,concert_singer,167,22,2,15,7.5,0.6818181818181818,1.1697497367858887,20.036380236977767,eos
12,concert_singer,170,23,2,10,5.0,0.43478260869565216,0.8419899940490723,31.496943437418224,eos
13,concert_singer,173,23,2,9,4.5,0.391304347826087,0.6833364963531494,37.708786461125996,eos
14,concert_singer,183,26,2,10,5.0,0.38461538461538464,0.8691785335540771,34.84567208888129,eos
15,concert_singer,184,26,2,13,6.5,0.5,0.9716155529022217,30.853052195882306,eos
16,concert_singer,171,29,2,20,10.0,0.6896551724137931,1.5315978527069092,20.056759994402057,eos
17,concert_singer,170,29,2,22,11.0,0.7586206896551724,1.5071351528167725,20.935691508417463,eos
18,concert_singer,173,30,2,17,8.5,0.5666666666666667,1.3194677829742432,25.02459702928082,eos
19,concert_singer,174,30,2,19,9.5,0.6333333333333333,1.5712053775787354,20.095936836442096,eos
20,concert_singer,178,24,2,6,3.0,0.25,0.6239402294158936,48.43251182600747,eos
21,concert_singer,176,24,2,12,6.0,0.5,1.1038684844970703,24.35311124900962,eos
22,concert_singer,172,44,3,28,9.333333333333334,0.6363636363636364,2.20399808883667,21.648514673015207,eos
23,concert_singer,169,44,3,26,8.666666666666666,0.5909090909090909,1.9783647060394287,24.3690448329849,eos
24,concert_singer,180,63,3,39,13.0,0.6190476190476191,2.836531162261963,23.35940598625913,eos
25,concert_singer,179,61,3,30,10.0,0.4918032786885246,2.178837299346924,30.191327252289895,eos
26,concert_singer,167,24,2,15,7.5,0.625,1.1124541759490967,23.68498896046218,eos
27,concert_singer,169,20,2,12,6.0,0.6,0.9441366195678711,23.986649971093968,eos
28,concert_singer,167,20,2,13,6.5,0.65,0.7611017227172852,29.146543672111388,eos
29,concert_singer,170,20,2,10,5.0,0.5,0.262164831161499,83.34134315714623,eos
30,concert_singer,179,34,3,20,6.666666666666667,0.5882352941176471,0.5953693389892578,59.67036084775844,eos
31,concert_singer,178,28,2,15,7.5,0.5357142857142857,0.4146113395690918,72.41107911867678,eos
32,concert_singer,179,28,2,15,7.5,0.5357142857142857,0.41005802154541016,72.6450266561058,eos
33,concert_singer,176,62,3,37,12.333333333333334,0.5967741935483871,1.0218238830566406,62.43293419436616,eos
34,concert_singer,174,62,3,34,11.333333333333334,0.5483870967741935,0.9507138729095459,67.42289857099634,eos
35,concert_singer,170,61,3,36,12.0,0.5901639344262295,0.9984807968139648,62.98298092720506,eos
36,concert_singer,174,61,3,37,12.333333333333334,0.6065573770491803,1.1921486854553223,52.46606489423974,eos
37,concert_singer,173,53,3,32,10.666666666666666,0.6037735849056604,1.1934325695037842,45.91089152851012,eos
38,concert_singer,178,53,3,30,10.0,0.5660377358490566,1.1430823802947998,48.19305167140355,eos
39,concert_singer,180,25,2,11,5.5,0.44,0.4241011142730713,63.59023276459401,eos
40,concert_singer,184,25,2,15,7.5,0.6,0.6238341331481934,42.504272507575976,eos
41,concert_singer,188,66,4,36,9.0,0.5454545454545454,1.4296531677246094,48.34337323898476,eos
42,concert_singer,187,66,4,38,9.5,0.5757575757575758,1.449035882949829,47.47801878970694,eos
43,concert_singer,173,39,3,24,8.0,0.6153846153846154,0.9265069961547852,44.206567420548886,eos
44,concert_singer,175,39,3,23,7.666666666666667,0.5897435897435898,0.9257388114929199,43.762989269433845,eos
45,pets_1,141,16,2,11,5.5,0.6875,0.5834276676177979,31.331651444133783,eos
46,pets_1,139,16,2,9,4.5,0.5625,0.42421865463256836,43.039597325726405,eos
47,pets_1,135,45,3,28,9.333333333333334,0.6222222222222222,1.0358359813690186,46.17962679336056,eos
48,pets_1,135,45,3,25,8.333333333333334,0.5555555555555556,0.9821648597717285,48.483380593567155,eos
49,pets_1,145,29,2,20,10.0,0.6896551724137931,0.8427309989929199,36.99215237297721,eos
50,pets_1,139,29,2,14,7.0,0.4827586206896552,0.6048204898834229,50.96055523588979,eos
51,pets_1,142,48,3,32,10.666666666666666,0.6666666666666666,1.2246742248535156,40.80684587937477,eos
52,pets_1,144,38,3,23,7.666666666666667,0.6052631578947368,0.8751084804534912,45.797582329857306,eos
53,pets_1,144,70,4,41,10.25,0.5857142857142857,1.491196632385254,48.5291756675024,eos
54,pets_1,137,70,4,40,10.0,0.5714285714285714,1.5466656684875488,47.25335196294849,eos
55,pets_1,136,23,2,15,7.5,0.6521739130434783,0.6141033172607422,40.78921455635462,eos
56,pets_1,136,20,2,13,6.5,0.65,0.578477144241333,37.45317145373837,eos
57,pets_1,140,56,3,35,11.666666666666666,0.625,1.3397412300109863,43.456902445272014,eos
58,pets_1,145,56,3,34,11.333333333333334,0.6071428571428571,1.3215136528015137,43.83872396111103,eos
59,pets_1,141,81,4,48,12.0,0.5925925925925926,1.793715238571167,46.49436657652327,eos
60,pets_1,143,81,4,47,11.75,0.5802469135802469,1.6866648197174072,49.66935645963413,eos
61,pets_1,142,56,3,27,9.0,0.48214285714285715,1.071852207183838,54.38384530560844,eos
62,pets_1,149,64,4,42,10.5,0.65625,1.4598429203033447,45.32542176535274,eos
63,pets_1,140,56,3,29,9.666666666666666,0.5178571428571429,1.0918173789978027,53.42652517111053,eos
64,pets_1,142,56,3,29,9.666666666666666,0.5178571428571429,1.1747653484344482,49.57192241538564,eos
65,pets_1,149,109,5,59,11.8,0.5412844036697247,2.100273609161377,52.976892592122454,eos
66,pets_1,146,106,5,67,13.4,0.6320754716981132,2.504683494567871,43.11360276649755,eos
67,pets_1,137,58,3,37,12.333333333333334,0.6379310344827587,1.3942546844482422,42.611206096247535,eos
68,pets_1,143,27,2,20,10.0,0.7407407407407407,0.7945873737335205,35.68386083522668,eos
69,pets_1,143,18,2,11,5.5,0.6111111111111112,0.4753422737121582,41.75558896238151,eos
70,pets_1,143,18,2,11,5.5,0.6111111111111112,0.48313093185424805,41.00429935659659,eos
71,pets_1,139,57,3,29,9.666666666666666,0.5087719298245614,1.1239864826202393,52.88072852187885,eos
72,pets_1,139,40,3,14,4.666666666666667,0.35,0.530623197555542,81.75377580398508,eos
73,pets_1,136,46,3,29,9.666666666666666,0.6304347826086957,1.211913824081421,39.18964353879218,eos
74,pets_1,138,46,3,29,9.666666666666666,0.6304347826086957,1.1156988143920898,43.747228758829216,eos
75,pets_1,140,46,3,24,8.0,0.5217391304347826,0.8600039482116699,56.09328243018328,eos
76,pets_1,143,47,3,31,10.333333333333334,0.6595744680851063,1.059138298034668,46.213200439797205,eos
77,pets_1,143,38,3,18,6.0,0.47368421052631576,0.6417462825775146,63.61727537004368,eos
78,pets_1,145,30,2,14,7.0,0.4666666666666667,0.6104259490966797,51.89062758670745,eos
79,pets_1,143,49,3,24,8.0,0.4897959183673469,1.1408700942993164,45.32355491458916,eos
80,pets_1,148,50,3,24,8.0,0.48,1.125624179840088,47.0145060429931,eos
81,pets_1,142,53,3,32,10.666666666666666,0.6037735849056604,1.0815014839172363,51.16412305201476,eos
82,pets_1,146,53,3,34,11.333333333333334,0.6415094339622641,1.1457743644714355,47.554523314862735,eos
83,pets_1,144,60,3,34,11.333333333333334,0.5666666666666667,1.1989951133728027,51.97666778136727,eos
84,pets_1,146,60,3,36,12.0,0.6,1.1625380516052246,53.30088266499443,eos
85,pets_1,140,32,3,22,7.333333333333333,0.6875,0.8585331439971924,39.3296941883122,eos
86,pets_1,142,29,2,17,8.5,0.5862068965517241,0.6016595363616943,50.89715520226207,eos
87,car_1,182,10,2,7,3.5,0.7,0.3141350746154785,37.79128215802866,eos
88,car_1,183,16,2,12,6.0,0.75,0.46114373207092285,37.976486257835646,eos
89,car_1,197,49,3,32,10.666666666666666,0.6530612244897959,1.0188322067260742,51.00452825602655,eos
90,car_1,193,49,3,26,8.666666666666666,0.5306122448979592,0.8830299377441406,59.42062955214355,eos
91,car_1,182,16,2,11,5.5,0.6875,0.6199531555175781,28.462650417912197,eos
92,car_1,181,16,2,13,6.5,0.8125,0.6898598670959473,25.647932458468194,eos
93,car_1,195,45,3,29,9.666666666666666,0.6444444444444445,1.3872525691986084,34.30733221944067,eos
94,car_1,197,62,3,38,12.666666666666666,0.6129032258064516,1.5816078186035156,40.800409212849495,eos
95,car_1,186,21,2,12,6.0,0.5714285714285714,0.5461182594299316,42.6635186535161,eos
96,car_1,190,38,3,21,7.0,0.5526315789473685,0.9094142913818359,45.1680195311535,eos
97,car_1,190,52,3,27,9.0,0.5192307692307693,0.9279520511627197,57.941746357491546,eos
98,car_1,191,119,5,73,14.6,0.6134453781512605,2.597990036010742,46.93033481253671,eos
99,car_1,196,36,3,21,7.0,0.5833333333333334,0.9663946628570557,40.218209700787305,eos
100,car_1,196,34,3,23,7.666666666666667,0.6764705882352942,1.02335524559021,34.869925881995755,eos
101,car_1,193,45,3,24,8.0,0.5333333333333333,1.0368907451629639,45.94423826279798,eos
102,car_1,194,22,2,14,7.0,0.6363636363636364,0.6356511116027832,38.6053351714532,eos
103,car_1,190,34,3,23,7.666666666666667,0.6764705882352942,0.9602794647216797,37.18972447387448,eos
104,car_1,192,34,3,19,6.333333333333333,0.5588235294117647,0.8562963008880615,43.176321618851745,eos
105,car_1,194,52,3,28,9.333333333333334,0.5384615384615384,1.2125751972198486,44.72120136628572,eos
106,car_1,194,52,3,31,10.333333333333334,0.5961538461538461,1.340207576751709,40.33201488584777,eos
107,car_1,191,45,3,22,7.333333333333333,0.4888888888888889,1.0615952014923096,44.699892962871544,eos
108,car_1,189,45,3,24,8.0,0.5333333333333333,1.1486923694610596,41.54895670252549,eos
109,car_1,196,42,3,24,8.0,0.5714285714285714,1.212264060974121,36.336572161184606,eos
110,car_1,201,72,4,52,13.0,0.7222222222222222,2.3864071369171143,31.269117346815793,eos
111,car_1,193,82,4,52,13.0,0.6341463414634146,2.2862181663513184,36.87531245850457,eos
112,car_1,193,60,3,34,11.333333333333334,0.5666666666666667,1.5453429222106934,40.32515823177018,eos
113,car_1,185,33,3,17,5.666666666666667,0.5151515151515151,0.7650730609893799,47.77750871923082,eos
114,car_1,187,44,3,30,10.0,0.6818181818181818,1.312502384185791,34.67730108033763,eos
115,car_1,186,52,3,29,9.666666666666666,0.5576923076923077,1.2619774341583252,42.85594711903207,eos
116,car_1,190,53,3,30,10.0,0.5660377358490566,1.2056047916412354,46.0591935610721,eos
117,car_1,194,26,2,14,7.0,0.5384615384615384,0.5098650455474854,54.162260802227046,eos
118,car_1,192,26,2,18,9.0,0.6923076923076923,0.6227145195007324,44.53069804836605,eos
119,car_1,196,40,3,26,8.666666666666666,0.65,0.9020402431488037,46.52215169607701,eos
120,car_1,196,39,3,25,8.333333333333334,0.6410256410256411,0.8819310665130615,46.44129130879376,eos
121,car_1,184,12,2,6,3.0,0.5,0.21608924865722656,62.017665025290604,eos
122,car_1,183,12,2,7,3.5,0.5833333333333334,0.26122260093688965,51.9880268987938,eos
123,car_1,192,50,3,31,10.333333333333334,0.62,1.1282246112823486,46.1379951697663,eos
124,car_1,192,50,3,36,12.0,0.72,1.1659119129180908,44.10243997867769,eos
125,car_1,192,19,2,9,4.5,0.47368421052631576,0.37375545501708984,57.21087958918062,eos
126,car_1,192,19,2,7,3.5,0.3684210526315789,0.2588465213775635,82.71992266759086,eos
127,car_1,186,23,2,12,6.0,0.5217391304347826,0.4168729782104492,59.82497299061466,eos
128,car_1,187,23,2,16,8.0,0.6956521739130435,0.533815860748291,46.03805735244371,eos
129,car_1,188,63,3,33,11.0,0.5238095238095238,1.0242328643798828,63.93696333240434,eos
130,car_1,191,51,3,26,8.666666666666666,0.5098039215686274,0.9148266315460205,58.11601359979994,eos
131,car_1,193,51,3,30,10.0,0.5882352941176471,1.0234224796295166,51.98146050322523,eos
132,car_1,196,51,3,30,10.0,0.5882352941176471,1.0504767894744873,50.370568969428255,eos
133,car_1,195,46,3,26,8.666666666666666,0.5652173913043478,0.8248460292816162,58.64727566582944,eos
134,car_1,186,20,2,11,5.5,0.55,0.39862704277038574,55.736313218741735,eos
135,car_1,191,29,2,17,8.5,0.5862068965517241,0.6028661727905273,51.25551904793693,eos
136,car_1,192,34,3,16,5.333333333333333,0.47058823529411764,0.5468318462371826,67.98491809193565,eos
137,car_1,191,46,3,24,8.0,0.5217391304347826,0.8177340030670166,59.20728956805327,eos
138,car_1,188,64,4,37,9.25,0.578125,0.9854652881622314,67.5962499353599,eos
139,car_1,187,30,2,24,12.0,0.8,0.5551395416259766,56.286661116627116,eos
140,car_1,187,30,2,19,9.5,0.6333333333333333,0.4888882637023926,64.27081891993544,eos
141,car_1,187,27,2,17,8.5,0.6296296296296297,0.4030947685241699,71.22143744507326,eos
142,car_1,184,29,2,19,9.5,0.6551724137931034,0.4636392593383789,66.27574974069631,eos
143,car_1,186,18,2,11,5.5,0.6111111111111112,0.27327990531921387,72.7493635486736,eos
144,car_1,189,18,2,9,4.5,0.5,0.23794865608215332,83.39797952471024,eos
145,car_1,188,19,2,9,4.5,0.47368421052631576,0.2353522777557373,88.73677722947698,eos
146,car_1,189,19,2,11,5.5,0.5789473684210527,0.30710625648498535,66.74270864287719,eos
147,car_1,192,35,3,22,7.333333333333333,0.6285714285714286,0.5721766948699951,64.04194722439125,eos
148,car_1,192,39,3,24,8.0,0.6153846153846154,0.8125855922698975,50.25077623078048,eos
149,car_1,193,47,3,23,7.666666666666667,0.48936170212765956,0.7492647171020508,66.86121933480386,eos
150,car_1,192,43,3,26,8.666666666666666,0.6046511627906976,0.8343753814697266,54.71132927173113,eos
151,car_1,199,56,3,34,11.333333333333334,0.6071428571428571,1.1868829727172852,49.56357291660198,eos
152,car_1,199,45,3,29,9.666666666666666,0.6444444444444445,1.072925090789795,44.537427325233146,eos
153,car_1,201,27,2,15,7.5,0.5555555555555556,0.5242445468902588,55.013159872586904,eos
154,car_1,209,29,2,12,6.0,0.41379310344827586,0.4285595417022705,77.98882336294925,eos
155,car_1,188,22,2,11,5.5,0.5,0.4181079864501953,57.216747298937726,eos
156,car_1,188,22,2,12,6.0,0.5454545454545454,0.3836522102355957,62.52831429941854,eos
157,car_1,193,73,4,37,9.25,0.5068493150684932,1.3017306327819824,58.231828106739805,eos
158,car_1,193,76,4,36,9.0,0.47368421052631576,1.14583158493042,69.41083290359208,eos
159,car_1,191,27,2,19,9.5,0.7037037037037037,0.6379377841949463,44.76404617077973,eos
160,car_1,194,27,2,20,10.0,0.7407407407407407,0.6582787036895752,43.25610821827631,eos
161,car_1,187,46,3,29,9.666666666666666,0.6304347826086957,0.9857532978057861,49.22332157360159,eos
162,car_1,190,46,3,34,11.333333333333334,0.7391304347826086,1.0242815017700195,47.104655514737466,eos
163,car_1,185,18,2,12,6.0,0.6666666666666666,0.4092681407928467,48.007742550948215,eos
164,car_1,189,18,2,11,5.5,0.6111111111111112,0.3869926929473877,51.04147855244607,eos
165,car_1,191,79,4,46,11.5,0.5822784810126582,1.4908835887908936,54.88686822003061,eos
166,car_1,192,63,3,32,10.666666666666666,0.5079365079365079,1.0125577449798584,65.37207299982829,eos
167,car_1,205,56,3,33,11.0,0.5892857142857143,1.1017727851867676,53.45551874868934,eos
168,car_1,204,56,3,41,13.666666666666666,0.7321428571428571,1.3302748203277588,44.08162003780933,eos
169,car_1,199,30,2,12,6.0,0.4,0.42473387718200684,76.27303313893297,eos
170,car_1,200,30,2,16,8.0,0.5333333333333333,0.5678455829620361,59.51210240725096,eos
171,car_1,196,56,3,35,11.666666666666666,0.625,1.1157588958740234,52.10387855193929,eos
172,car_1,201,56,3,31,10.333333333333334,0.5535714285714286,1.0343055725097656,57.00103844598603,eos
173,car_1,192,59,3,34,11.333333333333334,0.576271186440678,1.0905718803405762,56.192649933979716,eos
174,car_1,188,40,3,23,7.666666666666667,0.575,0.7476100921630859,56.705118261711156,eos
175,car_1,203,52,3,29,9.666666666666666,0.5576923076923077,1.018117904663086,54.149744311429366,eos
176,car_1,201,70,4,44,11.0,0.6285714285714286,1.8124196529388428,39.86445420690042,eos
177,car_1,202,123,5,74,14.8,0.6016260162601627,2.841325044631958,44.490644684318745,eos
178,car_1,199,89,4,58,14.5,0.651685393258427,1.9169120788574219,48.09256097863238,eos
179,flight_2,135,17,2,12,6.0,0.7058823529411765,0.3360717296600342,54.68760290573404,eos
180,flight_2,131,19,2,9,4.5,0.47368421052631576,0.2766387462615967,79.32904595160036,eos
181,flight_2,134,19,2,10,5.0,0.5263157894736842,0.30277013778686523,71.78460905783994,eos
182,flight_2,130,19,2,12,6.0,0.631578947368421,0.40400028228759766,51.84634451923128,eos
183,flight_2,134,27,2,14,7.0,0.5185185185185185,0.5214016437530518,55.04120006258118,eos
184,flight_2,136,27,2,16,8.0,0.5925925925925926,1.2576749324798584,23.949931358806776,eos
185,flight_2,134,20,2,10,5.0,0.5,0.8018126487731934,27.970654557414058,eos
186,flight_2,137,20,2,11,5.5,0.55,0.9128174781799316,25.001725367215897,eos
187,flight_2,129,20,2,15,7.5,0.75,1.1728408336639404,18.926975512958442,eos
188,flight_2,130,14,2,9,4.5,0.6428571428571429,0.7420828342437744,21.58820950654833,eos
189,flight_2,129,10,2,7,3.5,0.7,0.6455032825469971,17.577372207253788,eos
190,flight_2,129,14,2,10,5.0,0.7142857142857143,0.8143835067749023,19.13070152376808,eos
191,flight_2,129,14,2,9,4.5,0.6428571428571429,0.8125689029693604,19.974160170648325,eos
192,flight_2,128,14,2,10,5.0,0.7142857142857143,0.8835875988006592,18.619863479248604,eos
193,flight_2,129,17,2,9,4.5,0.5294117647058824,0.7637636661529541,26.019122857458743,eos
194,flight_2,130,17,2,10,5.0,0.5882352941176471,0.8279228210449219,23.759866685628648,eos
195,flight_2,129,15,2,9,4.5,0.6,0.7772080898284912,22.18499720882717,eos
196,flight_2,131,15,2,8,4.0,0.5333333333333333,0.7105667591094971,23.843849984168006,eos
197,flight_2,133,20,2,10,5.0,0.5,0.8144457340240479,26.787594798599265,eos
198,flight_2,133,20,2,8,4.0,0.4,0.7090582847595215,32.21973472473476,eos
199,flight_2,133,17,2,13,6.5,0.7647058823529411,1.021547794342041,17.66117719920942,eos
200,flight_2,134,17,2,12,6.0,0.7058823529411765,1.0169973373413086,18.78832110281985,eos
201,flight_2,133,17,2,9,4.5,0.5294117647058824,0.8334317207336426,22.83592124625917,eos
202,flight_2,131,17,2,12,6.0,0.7058823529411765,1.1357431411743164,17.17301548604874,eos
203,flight_2,131,19,2,9,4.5,0.47368421052631576,0.8376891613006592,26.31298185582654,eos
204,flight_2,133,17,2,7,3.5,0.4117647058823529,0.6358318328857422,30.46160008821603,eos
205,flight_2,130,16,2,10,5.0,0.625,0.8354032039642334,21.997484946807486,eos
206,flight_2,131,18,2,11,5.5,0.6111111111111112,0.9018199443817139,21.993515481633935,eos
207,flight_2,130,33,3,21,7.0,0.6363636363636364,1.6174554824829102,22.622080782504618,eos
208,flight_2,131,33,3,19,6.333333333333333,0.5757575757575758,1.477933406829834,24.8851586688508,eos
209,flight_2,130,34,3,26,8.666666666666666,0.7647058823529411,1.841719388961792,19.971775770040917,eos
210,flight_2,131,34,3,24,8.0,0.7058823529411765,1.7283790111541748,21.237321822184256,eos
211,flight_2,141,59,3,29,9.666666666666666,0.4915254237288136,2.132059335708618,29.676727689358696,eos
212,flight_2,131,59,3,41,13.666666666666666,0.6949152542372882,1.1963520050048828,54.41731533285501,eos
213,flight_2,134,35,3,23,7.666666666666667,0.6571428571428571,0.5152122974395752,71.75105213737437,eos
214,flight_2,131,35,3,19,6.333333333333333,0.5428571428571428,0.4233667850494385,87.07420341653126,eos
215,flight_2,135,58,3,31,10.333333333333334,0.5344827586206896,0.7762012481689453,77.64732555141283,eos
216,flight_2,135,59,3,43,14.333333333333334,0.7288135593220338,1.2023918628692627,50.102861849669374,eos
217,flight_2,136,43,3,29,9.666666666666666,0.6744186046511628,1.013847827911377,44.00422620773879,eos
218,flight_2,135,59,3,33,11.0,0.559322033898305,1.2761030197143555,48.044418438542955,eos
219,flight_2,135,57,3,35,11.666666666666666,0.6140350877192983,1.3369512557983398,44.208028525580744,eos
220,flight_2,134,57,3,41,13.666666666666666,0.7192982456140351,1.6224148273468018,36.246954656228354,eos
221,flight_2,131,46,3,34,11.333333333333334,0.7391304347826086,1.2862987518310547,37.078869529965836,eos
222,flight_2,131,46,3,30,10.0,0.6521739130434783,1.1924521923065186,39.99239083678984,eos
223,flight_2,131,45,3,29,9.666666666666666,0.6444444444444445,1.1433651447296143,40.71002513499692,eos
224,flight_2,131,45,3,32,10.666666666666666,0.7111111111111111,1.3177666664123535,35.279202044447324,eos
225,flight_2,136,26,2,15,7.5,0.5769230769230769,0.6604206562042236,42.322048545385584,eos
226,flight_2,135,26,2,13,6.5,0.5,0.532473087310791,52.84693942414166,eos
227,flight_2,136,26,2,15,7.5,0.5769230769230769,0.6122314929962158,45.451149650405895,eos
228,flight_2,133,26,2,14,7.0,0.5384615384615384,0.5966615676879883,47.054135148862635,eos
229,flight_2,130,55,3,30,10.0,0.5454545454545454,1.1810731887817383,48.273113873113495,eos
230,flight_2,129,49,3,32,10.666666666666666,0.6530612244897959,1.29085373878479,39.13412496661741,eos
231,flight_2,138,53,3,35,11.666666666666666,0.660377358490566,1.3887484073638916,39.29214180320431,eos
232,flight_2,143,53,3,36,12.0,0.6792452830188679,1.3881340026855469,39.425608341580535,eos
233,flight_2,136,38,3,21,7.0,0.5526315789473685,0.9119002819061279,44.33614989515486,eos
234,flight_2,133,38,3,23,7.666666666666667,0.6052631578947368,0.8225326538085938,49.09786110047842,eos
235,flight_2,135,39,3,24,8.0,0.6153846153846154,0.8877196311950684,45.53654913542688,eos
236,flight_2,133,39,3,25,8.333333333333334,0.6410256410256411,0.967048168182373,42.08673563514255,eos
237,flight_2,140,47,3,31,10.333333333333334,0.6595744680851063,1.2236871719360352,39.9417941641997,eos
238,flight_2,136,62,3,35,11.666666666666666,0.5645161290322581,1.341566801071167,47.70614981205033,eos
239,flight_2,141,59,3,34,11.333333333333334,0.576271186440678,1.2416558265686035,49.11259558084772,eos
240,flight_2,137,80,4,52,13.0,0.65,1.9725546836853027,41.313192668378825,eos
241,flight_2,134,66,4,39,9.75,0.5909090909090909,1.4785330295562744,46.27325892474392,eos
242,flight_2,132,48,3,31,10.333333333333334,0.6458333333333334,1.2763373851776123,39.60924724861828,eos
243,flight_2,135,49,3,32,10.666666666666666,0.6530612244897959,1.208070993423462,41.98709179883744,eos
244,flight_2,133,49,3,36,12.0,0.7346938775510204,1.1885504722595215,42.66359814074356,eos
245,flight_2,133,17,2,9,4.5,0.5294117647058824,0.3621690273284912,51.842300141293656,eos
246,flight_2,131,34,3,19,6.333333333333333,0.5588235294117647,0.6898949146270752,52.29651790615788,eos
247,flight_2,135,35,3,21,7.0,0.6,0.7873382568359375,46.42846924324512,eos
248,flight_2,133,19,2,8,4.0,0.42105263157894735,0.34231066703796387,61.081438447353925,eos
249,flight_2,135,36,3,26,8.666666666666666,0.7222222222222222,0.9710128307342529,38.563371057649306,eos
250,flight_2,133,36,3,25,8.333333333333334,0.6944444444444444,1.045494556427002,35.92823324679554,eos
251,flight_2,136,33,3,19,6.333333333333333,0.5757575757575758,0.7053472995758057,49.89851315306922,eos
252,flight_2,132,33,3,18,6.0,0.5454545454545454,0.7048182487487793,49.730446059273675,eos
253,flight_2,136,34,3,23,7.666666666666667,0.6764705882352942,0.8104941844940186,43.6819894753112,eos
254,flight_2,132,34,3,21,7.0,0.6176470588235294,0.8381683826446533,42.72234529368472,eos
255,flight_2,138,39,3,32,10.666666666666666,0.8205128205128205,1.0395963191986084,38.79895440588274,eos
256,flight_2,133,39,3,28,9.333333333333334,0.717948717948718,0.9301002025604248,43.67932454632466,eos
257,flight_2,137,39,3,29,9.666666666666666,0.7435897435897436,1.0457444190979004,38.80670369236424,eos
258,flight_2,132,39,3,30,10.0,0.7692307692307693,1.0536668300628662,38.547194509592806,eos
259,employee_hire_evaluation,146,17,2,12,6.0,0.7058823529411765,0.4669032096862793,40.122679096973,eos
260,employee_hire_evaluation,145,18,2,11,5.5,0.6111111111111112,0.4430723190307617,43.8160234581588,eos
261,employee_hire_evaluation,150,13,2,9,4.5,0.6923076923076923,0.40032172203063965,36.777237924557205,eos
262,employee_hire_evaluation,153,13,2,8,4.0,0.6153846153846154,0.38269734382629395,39.25737144057221,eos
263,employee_hire_evaluation,150,29,2,18,9.0,0.6206896551724138,0.6753840446472168,45.45489256077458,eos
264,employee_hire_evaluation,149,29,2,18,9.0,0.6206896551724138,0.7049548625946045,43.943045406239094,eos
265,employee_hire_evaluation,155,36,3,22,7.333333333333333,0.6111111111111112,0.7137634754180908,53.514724620070126,eos
266,employee_hire_evaluation,155,36,3,24,8.0,0.6666666666666666,0.7260727882385254,51.714897904861516,eos
267,employee_hire_evaluation,149,22,2,11,5.5,0.5,0.36087703704833984,66.07725872688044,eos
268,employee_hire_evaluation,149,22,2,15,7.5,0.6818181818181818,0.5787224769592285,40.65060359092304,eos
269,employee_hire_evaluation,157,31,2,19,9.5,0.6129032258064516,0.707200288772583,47.22574450210226,eos
270,employee_hire_evaluation,158,51,3,32,10.666666666666666,0.6274509803921569,1.0982718467712402,48.84242331073138,eos
271,employee_hire_evaluation,152,25,2,13,6.5,0.52,0.4975154399871826,54.843714368712384,eos
272,employee_hire_evaluation,154,25,2,15,7.5,0.6,0.563636064529419,48.18998576860231,eos
273,employee_hire_evaluation,158,25,2,13,6.5,0.52,0.5194740295410156,51.83220500586339,eos
274,employee_hire_evaluation,163,20,2,12,6.0,0.6,0.42006993293762207,52.8332968836677,eos
275,employee_hire_evaluation,157,23,2,13,6.5,0.5652173913043478,0.47680091857910156,52.65069813277348,eos
276,employee_hire_evaluation,156,26,2,19,9.5,0.7307692307692307,0.6145455837249756,45.612305019370005,eos
277,employee_hire_evaluation,155,43,3,27,9.0,0.627906976744186,0.8663349151611328,52.36735551825278,eos
278,employee_hire_evaluation,155,43,3,25,8.333333333333334,0.5813953488372093,0.778796911239624,58.48452239758474,eos
279,employee_hire_evaluation,154,38,3,20,6.666666666666667,0.5263157894736842,0.6889603137969971,58.674126025754916,eos
280,employee_hire_evaluation,153,35,3,17,5.666666666666667,0.4857142857142857,0.5659234523773193,66.73129815121128,eos
281,employee_hire_evaluation,154,26,2,14,7.0,0.5384615384615384,0.5705633163452148,48.497323766509695,eos
282,employee_hire_evaluation,153,20,2,8,4.0,0.4,0.35536885261535645,63.01607408761023,eos
283,employee_hire_evaluation,156,44,3,23,7.666666666666667,0.5227272727272727,0.7870926856994629,59.04983934021052,eos
284,employee_hire_evaluation,153,44,3,28,9.333333333333334,0.6363636363636364,0.9161405563354492,49.89027462236592,eos
285,employee_hire_evaluation,153,22,2,11,5.5,0.5,0.39145374298095703,60.98068172213955,eos
286,employee_hire_evaluation,151,22,2,12,6.0,0.5454545454545454,0.4132258892059326,58.808189119681266,eos
287,employee_hire_evaluation,157,48,3,33,11.0,0.6875,1.0608024597167969,46.875511736020606,eos
288,employee_hire_evaluation,158,46,3,30,10.0,0.6521739130434783,0.9417939186096191,50.848170979280304,eos
289,employee_hire_evaluation,149,17,2,11,5.5,0.6470588235294118,0.39072489738464355,47.01499046024356,eos
290,employee_hire_evaluation,152,17,2,10,5.0,0.5882352941176471,0.37064099311828613,50.415853834530665,eos
291,employee_hire_evaluation,148,9,2,6,3.0,0.6666666666666666,0.25617170333862305,41.19491960880508,eos
292,employee_hire_evaluation,148,9,2,6,3.0,0.6666666666666666,0.23314619064331055,44.070102982849974,eos
293,employee_hire_evaluation,167,41,3,21,7.0,0.5121951219512195,0.7268400192260742,59.27574096805242,eos
294,employee_hire_evaluation,171,41,3,20,6.666666666666667,0.4878048780487805,0.6464393138885498,67.65936397210753,eos
295,employee_hire_evaluation,148,21,2,15,7.5,0.7142857142857143,0.530707836151123,41.51922965403932,eos
296,employee_hire_evaluation,148,21,2,17,8.5,0.8095238095238095,0.5765936374664307,38.7000407105903,eos
297,cre_Doc_Template_Mgt,163,15,2,9,4.5,0.6,0.33123183250427246,50.509009756396964,eos
298,cre_Doc_Template_Mgt,162,15,2,9,4.5,0.6,0.33995819091796875,51.20171256134964,eos
299,cre_Doc_Template_Mgt,170,17,2,8,4.0,0.47058823529411764,0.30525946617126465,63.399686301624925,eos
300,cre_Doc_Template_Mgt,169,21,2,12,6.0,0.5714285714285714,0.4556844234466553,50.099968287136825,eos
301,cre_Doc_Template_Mgt,177,38,3,23,7.666666666666667,0.6052631578947368,0.7558119297027588,52.531364453273014,eos
302,cre_Doc_Template_Mgt,173,26,2,16,8.0,0.6153846153846154,0.6147263050079346,45.1586887713142,eos
303,cre_Doc_Template_Mgt,174,43,3,25,8.333333333333334,0.5813953488372093,0.8583848476409912,52.460787302924,eos
304,cre_Doc_Template_Mgt,176,43,3,22,7.333333333333333,0.5116279069767442,0.7747089862823486,58.27932963827357,eos
305,cre_Doc_Template_Mgt,165,23,2,15,7.5,0.6521739130434783,0.582038402557373,43.17540028822755,eos
306,cre_Doc_Template_Mgt,166,23,2,15,7.5,0.6521739130434783,0.5885598659515381,41.99082465631226,eos
307,cre_Doc_Template_Mgt,170,40,3,25,8.333333333333334,0.625,0.925046443939209,45.247385135973865,eos
308,cre_Doc_Template_Mgt,169,63,3,38,12.666666666666666,0.6031746031746031,1.2807557582855225,51.062489353355225,eos
309,cre_Doc_Template_Mgt,168,43,3,23,7.666666666666667,0.5348837209302325,0.687950849533081,67.01473131446578,eos
310,cre_Doc_Template_Mgt,176,22,2,10,5.0,0.45454545454545453,0.3874623775482178,61.94895803958636,eos
311,cre_Doc_Template_Mgt,172,54,3,27,9.0,0.5,1.0126750469207764,55.86673689960417,eos
312,cre_Doc_Template_Mgt,175,54,3,27,9.0,0.5,1.0060749053955078,56.35629784169507,eos
313,cre_Doc_Template_Mgt,170,40,3,26,8.666666666666666,0.65,1.0576534271240234,39.515131167359556,eos
314,cre_Doc_Template_Mgt,172,40,3,25,8.333333333333334,0.625,0.8648364543914795,48.80535788094031,eos
315,cre_Doc_Template_Mgt,167,27,2,17,8.5,0.6296296296296297,0.781104326248169,36.50608478013702,eos
316,cre_Doc_Template_Mgt,170,27,2,17,8.5,0.6296296296296297,0.6486549377441406,44.644052968292904,eos
317,cre_Doc_Template_Mgt,163,15,2,10,5.0,0.6666666666666666,0.38054943084716797,43.668412111868385,eos
318,cre_Doc_Template_Mgt,162,14,2,10,5.0,0.7142857142857143,0.36988139152526855,41.90147405048311,eos
319,cre_Doc_Template_Mgt,171,21,2,9,4.5,0.42857142857142855,0.37209367752075195,63.22192476950662,eos
320,cre_Doc_Template_Mgt,171,18,2,9,4.5,0.5,0.3963589668273926,50.551016902356515,eos
321,cre_Doc_Template_Mgt,166,13,2,7,3.5,0.5384615384615384,0.289630651473999,51.23640460350896,eos
322,cre_Doc_Template_Mgt,164,15,2,10,5.0,0.6666666666666666,0.3756575584411621,45.17518920309175,eos
323,cre_Doc_Template_Mgt,171,23,2,12,6.0,0.5217391304347826,0.3835132122039795,65.41121557194731,eos
324,cre_Doc_Template_Mgt,170,23,2,11,5.5,0.4782608695652174,0.2976648807525635,84.82422920404089,eos
325,cre_Doc_Template_Mgt,165,19,2,7,3.5,0.3684210526315789,0.19241881370544434,112.64233672867616,eos
326,cre_Doc_Template_Mgt,166,53,3,30,10.0,0.5660377358490566,0.6872422695159912,79.92390917943507,eos
327,cre_Doc_Template_Mgt,176,25,2,11,5.5,0.44,0.2822756767272949,96.2036089164402,eos
328,cre_Doc_Template_Mgt,175,25,2,12,6.0,0.48,0.35804247856140137,74.48292288323158,eos
329,cre_Doc_Template_Mgt,168,57,3,31,10.333333333333334,0.543859649122807,1.1176235675811768,53.25426966919145,eos
330,cre_Doc_Template_Mgt,172,24,2,14,7.0,0.5833333333333334,0.6319437026977539,40.92416741776151,eos
331,cre_Doc_Template_Mgt,166,50,3,26,8.666666666666666,0.52,1.033271312713623,51.06639667938949,eos
332,cre_Doc_Template_Mgt,171,50,3,31,10.333333333333334,0.62,1.200577735900879,43.025204536951065,eos
333,cre_Doc_Template_Mgt,167,52,3,31,10.333333333333334,0.5961538461538461,1.1858642101287842,45.64762289143133,eos
334,cre_Doc_Template_Mgt,171,52,3,32,10.666666666666666,0.6153846153846154,1.2689929008483887,42.558296187761854,eos
335,cre_Doc_Template_Mgt,167,50,3,27,9.0,0.54,1.0768682956695557,48.641627442023875,eos
336,cre_Doc_Template_Mgt,170,67,4,40,10.0,0.5970149253731343,1.5443401336669922,44.56650789510449,eos
337,cre_Doc_Template_Mgt,175,35,3,20,6.666666666666667,0.5714285714285714,0.7710525989532471,47.759103174590344,eos
338,cre_Doc_Template_Mgt,174,35,3,20,6.666666666666667,0.5714285714285714,0.721142053604126,51.86572850626847,eos
339,cre_Doc_Template_Mgt,168,54,3,28,9.333333333333334,0.5185185185185185,0.9837281703948975,57.09493522043835,eos
340,cre_Doc_Template_Mgt,170,34,3,17,5.666666666666667,0.5,0.6537730693817139,55.490091576106,eos
341,cre_Doc_Template_Mgt,170,78,4,51,12.75,0.6538461538461539,1.5772929191589355,50.80511278786685,eos
342,cre_Doc_Template_Mgt,172,71,4,43,10.75,0.6056338028169014,1.3815159797668457,52.83488594458435,eos
343,cre_Doc_Template_Mgt,168,63,3,39,13.0,0.6190476190476191,1.304809808731079,49.909844838265265,eos
344,cre_Doc_Template_Mgt,171,58,3,32,10.666666666666666,0.5517241379310345,1.0563600063323975,56.71295323932498,eos
345,cre_Doc_Template_Mgt,169,50,3,27,9.0,0.54,0.8761906623840332,60.09097294410512,eos
346,cre_Doc_Template_Mgt,171,50,3,22,7.333333333333333,0.44,0.8750498294830322,60.106474746792294,eos
347,cre_Doc_Template_Mgt,164,18,2,9,4.5,0.5,0.43006324768066406,46.68925095332283,eos
348,cre_Doc_Template_Mgt,168,19,2,8,4.0,0.42105263157894735,0.3767061233520508,56.69417855378946,eos
349,cre_Doc_Template_Mgt,169,23,2,9,4.5,0.391304347826087,0.43586230278015137,59.78058290447527,eos
350,cre_Doc_Template_Mgt,170,23,2,8,4.0,0.34782608695652173,0.3847780227661133,66.73056998541703,eos
351,cre_Doc_Template_Mgt,169,23,2,12,6.0,0.5217391304347826,0.5677118301391602,43.67143556037668,eos
352,cre_Doc_Template_Mgt,170,23,2,8,4.0,0.34782608695652173,0.3898506164550781,65.99811209688417,eos
353,cre_Doc_Template_Mgt,172,44,3,21,7.0,0.4772727272727273,0.8117854595184326,57.404554524004205,eos
354,cre_Doc_Template_Mgt,170,44,3,22,7.333333333333333,0.5,0.8173129558563232,56.67620171865844,eos
355,cre_Doc_Template_Mgt,168,47,3,23,7.666666666666667,0.48936170212765956,0.842287540435791,58.53670563463698,eos
356,cre_Doc_Template_Mgt,168,42,3,26,8.666666666666666,0.6190476190476191,0.9168312549591064,48.10444045873612,eos
357,cre_Doc_Template_Mgt,162,18,2,14,7.0,0.7777777777777778,0.49203968048095703,40.03340280206918,eos
358,cre_Doc_Template_Mgt,162,18,2,14,7.0,0.7777777777777778,0.5093593597412109,37.25025974478425,eos
359,cre_Doc_Template_Mgt,168,41,3,24,8.0,0.5853658536585366,0.7005152702331543,62.51316607112803,eos
360,cre_Doc_Template_Mgt,169,37,3,19,6.333333333333333,0.5135135135135135,0.4850590229034424,79.94968770178579,eos
361,cre_Doc_Template_Mgt,168,34,3,19,6.333333333333333,0.5588235294117647,0.5729348659515381,62.06521287049026,eos
362,cre_Doc_Template_Mgt,172,26,2,17,8.5,0.6538461538461539,0.4294321537017822,64.89178694279099,eos
363,cre_Doc_Template_Mgt,172,42,3,17,5.666666666666667,0.40476190476190477,0.40361452102661133,110.19704934533434,eos
364,cre_Doc_Template_Mgt,173,42,3,21,7.0,0.5,0.5297129154205322,83.04939977970632,eos
365,cre_Doc_Template_Mgt,167,36,3,17,5.666666666666667,0.4722222222222222,0.3845980167388916,100.39510661693804,eos
366,cre_Doc_Template_Mgt,171,36,3,15,5.0,0.4166666666666667,0.35915613174438477,107.14710862062046,eos
367,cre_Doc_Template_Mgt,174,52,3,32,10.666666666666666,0.6153846153846154,0.7658519744873047,70.18007654932069,eos
368,cre_Doc_Template_Mgt,175,48,3,30,10.0,0.625,0.8389554023742676,59.48382523328813,eos
369,cre_Doc_Template_Mgt,171,69,4,39,9.75,0.5652173913043478,1.2106590270996094,59.46147376877004,eos
370,cre_Doc_Template_Mgt,176,65,4,37,9.25,0.5692307692307692,1.2677280902862549,53.77480299678207,eos
371,cre_Doc_Template_Mgt,166,28,2,14,7.0,0.5,0.5298526287078857,57.07940336584056,eos
372,cre_Doc_Template_Mgt,170,28,2,16,8.0,0.5714285714285714,0.5921428203582764,50.46328539423472,eos
373,cre_Doc_Template_Mgt,169,67,4,42,10.5,0.6268656716417911,1.4530770778656006,47.901730501822676,eos
374,cre_Doc_Template_Mgt,169,67,4,41,10.25,0.6119402985074627,1.2811956405639648,54.43992937420406,eos
375,cre_Doc_Template_Mgt,167,30,2,17,8.5,0.5666666666666667,0.6096687316894531,52.14792614749203,eos
376,cre_Doc_Template_Mgt,168,79,4,45,11.25,0.569620253164557,1.4181084632873535,58.04653769424082,eos
377,cre_Doc_Template_Mgt,169,47,3,27,9.0,0.574468085106383,0.8798661231994629,56.77492669138237,eos
378,cre_Doc_Template_Mgt,169,47,3,31,10.333333333333334,0.6595744680851063,1.18202805519104,41.40510605453224,eos
379,cre_Doc_Template_Mgt,171,39,3,25,8.333333333333334,0.6410256410256411,0.8419957160949707,49.05264778046474,eos
380,cre_Doc_Template_Mgt,175,46,3,29,9.666666666666666,0.6304347826086957,0.945152997970581,51.230071608178434,eos
381,course_teach,117,10,2,7,3.5,0.7,0.28458309173583984,41.28487481225939,eos
382,course_teach,119,15,2,9,4.5,0.6,0.37331485748291016,47.18749966376133,eos
383,course_teach,122,42,3,27,9.0,0.6428571428571429,0.911083459854126,48.99120186503503,eos
384,course_teach,123,39,3,20,6.666666666666667,0.5128205128205128,0.7233788967132568,59.59725476890102,eos
385,course_teach,120,15,2,5,2.5,0.3333333333333333,0.21978163719177246,84.96755825559622,eos
386,course_teach,121,15,2,8,4.0,0.5333333333333333,0.33503293991088867,51.54890577866786,eos
387,course_teach,127,47,3,27,9.0,0.574468085106383,0.8667387962341309,57.27031509971245,eos
388,course_teach,129,47,3,28,9.333333333333334,0.5957446808510638,0.8978767395019531,54.618017408210335,eos
389,course_teach,126,19,2,7,3.5,0.3684210526315789,0.2806692123413086,80.31512513758184,eos
390,course_teach,130,19,2,8,4.0,0.42105263157894735,0.31685328483581543,69.77727412233912,eos
391,course_teach,120,47,3,27,9.0,0.574468085106383,0.902658224105835,54.555957755227745,eos
392,course_teach,118,20,2,15,7.5,0.75,0.5570826530456543,39.21303878051913,eos
393,course_teach,125,32,3,14,4.666666666666667,0.4375,0.5925483703613281,60.035158760301876,eos
394,course_teach,121,29,2,17,8.5,0.5862068965517241,0.7093284130096436,44.07744154847535,eos
395,course_teach,119,53,3,30,10.0,0.5660377358490566,1.1034431457519531,50.43326758101348,eos
396,course_teach,122,61,3,35,11.666666666666666,0.5737704918032787,1.4496738910675049,43.50110223113387,eos
397,course_teach,122,24,2,15,7.5,0.625,0.4960784912109375,51.786565968392715,eos
398,course_teach,124,27,2,16,8.0,0.5925925925925926,0.5415096282958984,54.490583191835,eos
399,course_teach,124,44,3,22,7.333333333333333,0.5,0.7454938888549805,62.54650803311062,eos
400,course_teach,124,43,3,25,8.333333333333334,0.5813953488372093,0.9750044345855713,46.09967107491327,eos
401,course_teach,133,49,3,28,9.333333333333334,0.5714285714285714,1.0056853294372559,51.54669173166569,eos
402,course_teach,134,49,3,28,9.333333333333334,0.5714285714285714,1.0357170104980469,49.26275814023149,eos
403,course_teach,122,47,3,20,6.666666666666667,0.425531914893617,0.7949628829956055,62.26365214771147,eos
404,course_teach,123,59,3,34,11.333333333333334,0.576271186440678,1.2233946323394775,50.167517460101905,eos
405,course_teach,123,44,3,22,7.333333333333333,0.5,0.8639945983886719,54.87997235073784,eos
406,course_teach,126,42,3,27,9.0,0.6428571428571429,0.7956361770629883,56.172260189244795,eos
407,course_teach,122,55,3,29,9.666666666666666,0.5272727272727272,0.6801309585571289,84.3618654026014,eos
408,course_teach,125,44,3,27,9.0,0.6136363636363636,0.646155595779419,70.62683000509047,eos
409,course_teach,125,22,2,11,5.5,0.5,0.27837324142456055,85.94529817537729,eos
410,course_teach,125,22,2,12,6.0,0.5454545454545454,0.3559751510620117,65.87945389273465,eos
411,museum_visit,136,16,2,9,4.5,0.5625,0.3070027828216553,57.86704105018606,eos
412,museum_visit,152,28,2,11,5.5,0.39285714285714285,0.6778926849365234,42.86595970579585,eos
413,museum_visit,143,21,2,9,4.5,0.42857142857142855,0.7331550121307373,33.068354087555065,eos
414,museum_visit,153,31,2,15,7.5,0.4838709677419355,1.1837189197540283,29.07382166315197,eos
415,museum_visit,140,22,2,13,6.5,0.5909090909090909,1.0496125221252441,23.453719739090772,eos
416,museum_visit,145,31,2,16,8.0,0.5161290322580645,1.2727603912353516,26.505377737432458,eos
417,museum_visit,140,23,2,11,5.5,0.4782608695652174,0.90873122215271,28.67964810637927,eos
418,museum_visit,150,43,3,21,7.0,0.4883720930232558,1.456223726272583,32.151660443635386,eos
419,museum_visit,142,54,3,33,11.0,0.6111111111111112,2.431058406829834,23.807330962785098,eos
420,museum_visit,151,76,4,46,11.5,0.6052631578947368,3.1870696544647217,25.103231166850275,eos
421,museum_visit,138,55,3,31,10.333333333333334,0.5636363636363636,2.13498854637146,26.633227704007346,eos
422,museum_visit,138,20,2,9,4.5,0.45,0.7874138355255127,28.409445061008785,eos
423,museum_visit,141,40,3,24,8.0,0.6,1.8276662826538086,23.334451258552097,eos
424,museum_visit,139,32,3,18,6.0,0.5625,1.4859094619750977,24.218904107552373,eos
425,museum_visit,141,41,3,25,8.333333333333334,0.6097560975609756,1.8807613849639893,23.77780876744405,eos
426,museum_visit,155,100,5,47,9.4,0.47,3.359452724456787,31.419566805924585,eos
427,museum_visit,144,59,3,36,12.0,0.6101694915254238,2.570932149887085,24.353520876964506,eos
428,museum_visit,144,30,2,9,4.5,0.3,0.7662270069122314,44.69741386453624,eos
429,wta_1,252,13,2,9,4.5,0.6923076923076923,0.7770624160766602,19.0426084276688,eos
430,wta_1,251,13,2,9,4.5,0.6923076923076923,0.7514636516571045,19.43224716496425,eos
431,wta_1,252,13,2,10,5.0,0.7692307692307693,0.8040943145751953,18.06497408121171,eos
432,wta_1,251,13,2,10,5.0,0.7692307692307693,0.8438632488250732,18.355473385783828,eos
433,wta_1,262,19,2,8,4.0,0.42105263157894735,0.7321689128875732,31.139479274912247,eos
434,wta_1,259,21,2,10,5.0,0.47619047619047616,0.8346400260925293,28.98186141474361,eos
435,wta_1,257,31,2,21,10.5,0.6774193548387096,1.222426414489746,28.220195362910996,eos
436,wta_1,257,31,2,19,9.5,0.6129032258064516,0.49544358253479004,65.96066288690605,eos
437,wta_1,255,18,2,11,5.5,0.6111111111111112,0.29710984230041504,68.34086705680909,eos
438,wta_1,256,18,2,11,5.5,0.6111111111111112,0.3038475513458252,66.38171503445108,eos
439,wta_1,255,19,2,10,5.0,0.5263157894736842,0.26504969596862793,80.01741550709795,eos
440,wta_1,256,21,2,17,8.5,0.8095238095238095,0.5682380199432373,38.51535499403814,eos
441,wta_1,256,19,2,11,5.5,0.5789473684210527,0.4292736053466797,47.69643130511636,eos
442,wta_1,254,18,2,12,6.0,0.6666666666666666,0.4974651336669922,40.37556751459098,eos
443,wta_1,254,21,2,14,7.0,0.6666666666666666,0.47999095916748047,46.86153662126589,eos
444,wta_1,253,21,2,14,7.0,0.6666666666666666,0.5111072063446045,45.25335549958354,eos
445,wta_1,260,29,2,17,8.5,0.5862068965517241,0.6322422027587891,49.623774189045754,eos
446,wta_1,260,27,2,18,9.0,0.6666666666666666,0.6518352031707764,44.17166539610978,eos
447,wta_1,267,55,3,27,9.0,0.4909090909090909,0.9811029434204102,59.08477454808199,eos
448,wta_1,267,54,3,32,10.666666666666666,0.5925925925925926,1.109682321548462,50.5055505519125,eos
449,wta_1,268,30,2,17,8.5,0.5666666666666667,0.6963379383087158,46.76450512714133,eos
450,wta_1,263,30,2,14,7.0,0.4666666666666667,0.600449800491333,54.75761670670233,eos
451,wta_1,269,74,4,41,10.25,0.5540540540540541,1.5323457717895508,50.16437153217763,eos
452,wta_1,267,74,4,45,11.25,0.6081081081081081,1.7598402500152588,43.342554511996134,eos
453,wta_1,257,56,3,35,11.666666666666666,0.625,1.3736329078674316,42.0213885286357,eos
454,wta_1,258,56,3,32,10.666666666666666,0.5714285714285714,1.3266692161560059,44.35566046356069,eos
455,wta_1,261,19,2,10,5.0,0.5263157894736842,0.4736924171447754,45.03690253076838,eos
456,wta_1,259,19,2,10,5.0,0.5263157894736842,0.458803653717041,45.20434083587135,eos
457,wta_1,267,25,2,11,5.5,0.44,0.5015978813171387,53.885445505194745,eos
458,wta_1,262,25,2,7,3.5,0.28,0.3539106845855713,79.29874282416151,eos
459,wta_1,263,48,3,31,10.333333333333334,0.6458333333333334,1.2792389392852783,38.74301124869087,eos
460,wta_1,261,65,4,43,10.75,0.6615384615384615,1.8146238327026367,36.768601921360556,eos
461,wta_1,256,39,3,21,7.0,0.5384615384615384,0.893695592880249,45.642691860126824,eos
462,wta_1,252,39,3,21,7.0,0.5384615384615384,0.9147582054138184,45.20563296113695,eos
463,wta_1,260,70,4,46,11.5,0.6571428571428571,1.8401696681976318,39.07171905359864,eos
464,wta_1,269,70,4,48,12.0,0.6857142857142857,1.9364662170410156,37.25184614249505,eos
465,wta_1,266,49,3,33,11.0,0.673469387755102,1.3917396068572998,36.833495915967774,eos
466,wta_1,265,49,3,35,11.666666666666666,0.7142857142857143,1.4087119102478027,36.24449359947008,eos
467,wta_1,263,42,3,27,9.0,0.6428571428571429,1.1299149990081787,39.14805356939561,eos
468,wta_1,261,29,2,19,9.5,0.6551724137931034,0.8613836765289307,34.760852382828645,eos
469,wta_1,257,49,3,27,9.0,0.5510204081632653,1.05513334274292,48.53789886261416,eos
470,wta_1,259,41,3,24,8.0,0.5853658536585366,1.0287303924560547,41.798276610998705,eos
471,wta_1,258,51,3,26,8.666666666666666,0.5098039215686274,1.1437766551971436,46.5328929925071,eos
472,wta_1,260,47,3,27,9.0,0.574468085106383,1.122361660003662,43.75412406651507,eos
473,wta_1,254,24,2,15,7.5,0.625,0.692711591720581,36.8443507502691,eos
474,wta_1,253,24,2,13,6.5,0.5416666666666666,0.6193273067474365,41.90817628018471,eos
475,wta_1,259,28,2,18,9.0,0.6428571428571429,0.798912763595581,37.020386142421756,eos
476,wta_1,257,28,2,18,9.0,0.6428571428571429,0.7951877117156982,37.429997145937875,eos
477,wta_1,259,27,2,12,6.0,0.4444444444444444,0.5667238235473633,51.390480599776346,eos
478,wta_1,259,27,2,12,6.0,0.4444444444444444,0.562997579574585,51.79275350859837,eos
479,wta_1,256,25,2,13,6.5,0.52,0.5916991233825684,46.05901822590634,eos
480,wta_1,256,25,2,14,7.0,0.56,0.6330204010009766,42.725019297008835,eos
481,wta_1,255,31,2,19,9.5,0.6129032258064516,0.8224105834960938,39.61714502196173,eos
482,wta_1,254,30,2,18,9.0,0.6,0.8209762573242188,38.417243234084175,eos
483,wta_1,260,72,4,42,10.5,0.5833333333333334,1.6038849353790283,46.32656238787574,eos
484,wta_1,260,72,4,40,10.0,0.5555555555555556,1.626892328262329,45.50255953110585,eos
485,wta_1,261,51,3,33,11.0,0.6470588235294118,1.396188497543335,37.96218954773247,eos
486,wta_1,260,50,3,32,10.666666666666666,0.64,1.3196179866790771,39.275050524052034,eos
487,wta_1,268,47,3,32,10.666666666666666,0.6808510638297872,1.289245843887329,37.93930978945981,eos
488,wta_1,270,55,3,32,10.666666666666666,0.5818181818181818,1.300623893737793,44.159971831621455,eos
489,wta_1,255,22,2,14,7.0,0.6363636363636364,0.6223959922790527,37.68942828839062,eos
490,wta_1,255,20,2,11,5.5,0.55,0.49583911895751953,44.515369690625256,eos
491,battle_death,156,20,2,13,6.5,0.65,0.6015591621398926,35.66391349682886,eos
492,battle_death,163,23,2,16,8.0,0.6956521739130435,0.77262282371521,31.627356909109885,eos
493,battle_death,157,13,2,5,2.5,0.38461538461538464,0.2638835906982422,59.65119458022223,eos
494,battle_death,157,26,2,15,7.5,0.5769230769230769,0.5519459247589111,50.854565795458534,eos
495,battle_death,157,17,2,11,5.5,0.6470588235294118,0.3655126094818115,52.34280207363781,eos
496,battle_death,163,46,3,26,8.666666666666666,0.5652173913043478,0.8319313526153564,57.295921093923994,eos
497,battle_death,168,22,2,9,4.5,0.4090909090909091,0.38399553298950195,63.50955656675965,eos
498,battle_death,167,39,3,27,9.0,0.6923076923076923,0.9846904277801514,41.478829609871376,eos
499,battle_death,168,47,3,31,10.333333333333334,0.6595744680851063,1.1477453708648682,42.22400838046135,eos
500,battle_death,159,50,3,29,9.666666666666666,0.58,1.1429026126861572,46.02768973961899,eos
501,battle_death,173,39,3,25,8.333333333333334,0.6410256410256411,1.0048208236694336,40.552919048757836,eos
502,battle_death,156,17,2,13,6.5,0.7647058823529411,0.572669506072998,32.25657458700479,eos
503,battle_death,162,38,3,26,8.666666666666666,0.6842105263157895,0.9784495830535889,40.82017805011357,eos
504,battle_death,175,69,4,43,10.75,0.6231884057971014,1.6239278316497803,43.69790308241554,eos
505,battle_death,168,50,3,32,10.666666666666666,0.64,1.1754553318023682,44.32749220573784,eos
506,battle_death,160,15,2,10,5.0,0.6666666666666666,0.492872953414917,34.62869149177198,eos
507,student_transcripts_tracking,391,15,2,6,3.0,0.4,0.3396599292755127,55.99326424018427,eos
508,student_transcripts_tracking,388,15,2,6,3.0,0.4,0.3031473159790039,61.76420633161085,eos
509,student_transcripts_tracking,385,16,2,8,4.0,0.5,0.3281881809234619,56.91319392151777,eos
510,student_transcripts_tracking,383,13,2,7,3.5,0.5384615384615384,0.29788804054260254,55.58995456055856,eos
511,student_transcripts_tracking,384,18,2,9,4.5,0.5,0.3955647945404053,53.641549729160865,eos
512,student_transcripts_tracking,387,19,2,7,3.5,0.3684210526315789,0.31481289863586426,71.16647332473947,eos
513,student_transcripts_tracking,391,19,2,8,4.0,0.42105263157894735,0.3518545627593994,61.2475044441865,eos
514,student_transcripts_tracking,386,17,2,11,5.5,0.6470588235294118,0.4690675735473633,41.19258753401519,eos
515,student_transcripts_tracking,392,55,3,26,8.666666666666666,0.4727272727272727,0.9415915012359619,62.10339319416297,eos
516,student_transcripts_tracking,393,55,3,30,10.0,0.5454545454545454,1.0984718799591064,52.17411005990318,eos
517,student_transcripts_tracking,384,21,2,13,6.5,0.6190476190476191,0.5384097099304199,41.98602503822187,eos
518,student_transcripts_tracking,384,26,2,18,9.0,0.6923076923076923,0.6290974617004395,44.28765267730523,eos
519,student_transcripts_tracking,385,23,2,13,6.5,0.5652173913043478,0.5279655456542969,47.02691104448997,eos
520,student_transcripts_tracking,384,24,2,15,7.5,0.625,0.612706184387207,42.13284080163338,eos
521,student_transcripts_tracking,386,44,3,26,8.666666666666666,0.5909090909090909,0.9922845363616943,46.61411494872806,eos
522,student_transcripts_tracking,386,37,3,19,6.333333333333333,0.5135135135135135,0.6889815330505371,57.54739999294383,eos
523,student_transcripts_tracking,388,13,2,7,3.5,0.5384615384615384,0.32863283157348633,45.07632186653358,eos
524,student_transcripts_tracking,388,13,2,7,3.5,0.5384615384615384,0.3411848545074463,43.477702939883116,eos
525,student_transcripts_tracking,392,50,3,25,8.333333333333334,0.5,0.9614856243133545,54.77370030173568,eos
526,student_transcripts_tracking,393,50,3,25,8.333333333333334,0.5,0.8685133457183838,60.69524671753342,eos
527,student_transcripts_tracking,388,17,2,7,3.5,0.4117647058823529,0.32145166397094727,61.72484263603264,eos
528,student_transcripts_tracking,389,17,2,10,5.0,0.5882352941176471,0.44466233253479004,43.17457872469863,eos
529,student_transcripts_tracking,395,63,3,39,13.0,0.6190476190476191,1.4508414268493652,45.106687169861,eos
530,student_transcripts_tracking,396,58,3,39,13.0,0.6724137931034483,1.422546148300171,42.34997085287941,eos
531,student_transcripts_tracking,392,20,2,12,6.0,0.6,0.49097108840942383,44.61333895616647,eos
532,student_transcripts_tracking,392,19,2,10,5.0,0.5263157894736842,0.43433046340942383,48.62162665506357,eos
533,student_transcripts_tracking,403,62,3,33,11.0,0.532258064516129,1.2195374965667725,53.25469271272706,eos
534,student_transcripts_tracking,407,62,3,32,10.666666666666666,0.5161290322580645,1.2116377353668213,53.47892297206347,eos
535,student_transcripts_tracking,397,62,3,19,6.333333333333333,0.3064516129032258,0.7921974658966064,84.99300300427402,eos
536,student_transcripts_tracking,397,64,4,37,9.25,0.578125,1.4273524284362793,46.41053436086172,eos
537,student_transcripts_tracking,391,60,3,31,10.333333333333334,0.5166666666666667,1.134239673614502,55.12961795172656,eos
538,student_transcripts_tracking,392,54,3,29,9.666666666666666,0.5370370370370371,0.9746417999267578,58.03514597893319,eos
539,student_transcripts_tracking,397,64,4,36,9.0,0.5625,1.2350053787231445,53.925422884834525,eos
540,student_transcripts_tracking,395,64,4,33,8.25,0.515625,1.162818193435669,57.7112172522401,eos
541,student_transcripts_tracking,411,111,5,70,14.0,0.6306306306306306,2.2495272159576416,50.499144163277286,eos
542,student_transcripts_tracking,409,93,4,56,14.0,0.6021505376344086,1.785097360610962,53.64432307596097,eos
543,student_transcripts_tracking,392,32,3,22,7.333333333333333,0.6875,0.7441790103912354,45.316978297702825,eos
544,student_transcripts_tracking,389,32,3,27,9.0,0.84375,0.8437905311584473,39.75037218604742,eos
545,student_transcripts_tracking,393,32,3,20,6.666666666666667,0.625,0.6305649280548096,53.64525959050958,eos
546,student_transcripts_tracking,390,32,3,23,7.666666666666667,0.71875,0.858518123626709,39.79433823415198,eos
547,student_transcripts_tracking,391,51,3,32,10.666666666666666,0.6274509803921569,1.0304062366485596,51.537061378640544,eos
548,student_transcripts_tracking,390,51,3,33,11.0,0.6470588235294118,1.0782020092010498,48.78937769364048,eos
549,student_transcripts_tracking,402,60,3,33,11.0,0.55,1.1584625244140625,54.42499945340422,eos
550,student_transcripts_tracking,399,60,3,35,11.666666666666666,0.5833333333333334,0.9791905879974365,64.76283497473433,eos
551,student_transcripts_tracking,393,60,3,32,10.666666666666666,0.5333333333333333,1.0541739463806152,58.701534843258415,eos
552,student_transcripts_tracking,394,60,3,32,10.666666666666666,0.5333333333333333,1.029655933380127,60.98470974390009,eos
553,student_transcripts_tracking,398,29,2,15,7.5,0.5172413793103449,0.6796302795410156,46.70076849600832,eos
554,student_transcripts_tracking,392,29,2,14,7.0,0.4827586206896552,0.6012754440307617,51.99469730783367,eos
555,student_transcripts_tracking,396,28,2,15,7.5,0.5357142857142857,0.6669847965240479,44.948870948545895,eos
556,student_transcripts_tracking,394,28,2,14,7.0,0.5,0.6059322357177734,50.122985695880864,eos
557,student_transcripts_tracking,397,56,3,31,10.333333333333334,0.5535714285714286,1.108597755432129,52.90658914102682,eos
558,student_transcripts_tracking,393,34,3,19,6.333333333333333,0.5588235294117647,0.6812965869903564,52.95055010894232,eos
559,student_transcripts_tracking,397,26,2,18,9.0,0.6923076923076923,0.6589043140411377,41.824295266237165,eos
560,student_transcripts_tracking,397,26,2,18,9.0,0.6923076923076923,0.5792112350463867,47.57647555520914,eos
561,student_transcripts_tracking,395,75,4,36,9.0,0.48,1.208876609802246,64.14784924724873,eos
562,student_transcripts_tracking,398,65,4,33,8.25,0.5076923076923077,1.0415558815002441,64.91887211935543,eos
563,student_transcripts_tracking,386,20,2,10,5.0,0.5,0.37274909019470215,59.52298612101631,eos
564,student_transcripts_tracking,384,20,2,14,7.0,0.7,0.521660566329956,41.126353012407584,eos
565,student_transcripts_tracking,390,25,2,16,8.0,0.64,0.5789310932159424,46.28241208237371,eos
566,student_transcripts_tracking,395,23,2,16,8.0,0.6956521739130435,0.6012639999389648,40.883775622801934,eos
567,student_transcripts_tracking,383,20,2,11,5.5,0.55,0.43247532844543457,50.42687192832079,eos
568,student_transcripts_tracking,383,19,2,11,5.5,0.5789473684210527,0.42217183113098145,49.375371532343955,eos
569,student_transcripts_tracking,385,21,2,15,7.5,0.7142857142857143,0.5336282253265381,42.06939237003069,eos
570,student_transcripts_tracking,384,20,2,11,5.5,0.55,0.42638230323791504,51.348179843055156,eos
571,student_transcripts_tracking,399,47,3,34,11.333333333333334,0.723404255319149,1.2209937572479248,39.7783601220033,eos
572,student_transcripts_tracking,401,47,3,29,9.666666666666666,0.6170212765957447,1.0395658016204834,47.66055807689228,eos
573,student_transcripts_tracking,396,53,3,26,8.666666666666666,0.49056603773584906,0.97007155418396,56.90606546093711,eos
574,student_transcripts_tracking,393,51,3,29,9.666666666666666,0.5686274509803921,1.0643134117126465,50.08024338306125,eos
575,student_transcripts_tracking,391,83,4,48,12.0,0.5783132530120482,1.701615333557129,49.971555200403174,eos
576,student_transcripts_tracking,395,68,4,37,9.25,0.5441176470588235,1.3613026142120361,51.769249188558675,eos
577,student_transcripts_tracking,387,22,2,14,7.0,0.6363636363636364,0.5685501098632812,41.412913356783264,eos
578,student_transcripts_tracking,388,75,4,43,10.75,0.5733333333333334,1.491624355316162,51.87649063102596,eos
579,student_transcripts_tracking,389,22,2,11,5.5,0.5,0.451509952545166,53.359484776701905,eos
580,student_transcripts_tracking,391,22,2,13,6.5,0.5909090909090909,0.5407209396362305,44.56186766546923,eos
581,student_transcripts_tracking,382,18,2,10,5.0,0.5555555555555556,0.45151591300964355,45.785852459242065,eos
582,student_transcripts_tracking,387,18,2,8,4.0,0.4444444444444444,0.36692094802856445,56.08256078851355,eos
583,student_transcripts_tracking,410,63,3,41,13.666666666666666,0.6507936507936508,1.4701440334320068,44.31927926584764,eos
584,student_transcripts_tracking,409,64,4,45,11.25,0.703125,1.5968945026397705,41.206479492108826,eos
585,tvshow,190,13,2,10,5.0,0.7692307692307693,0.4062960147857666,35.42839067509827,eos
586,tvshow,191,13,2,10,5.0,0.7692307692307693,0.41530609130859375,34.562982519774515,eos
587,tvshow,189,18,2,7,3.5,0.3888888888888889,0.28569579124450684,73.15728504542537,eos
588,tvshow,192,16,2,12,6.0,0.75,0.5181777477264404,34.232250773713666,eos
589,tvshow,191,20,2,10,5.0,0.5,0.4156825542449951,52.97511167533824,eos
590,tvshow,194,20,2,13,6.5,0.65,0.5280144214630127,40.95157084631973,eos
591,tvshow,192,19,2,11,5.5,0.5789473684210527,0.4665393829345703,44.50104123086321,eos
592,tvshow,197,17,2,9,4.5,0.5294117647058824,0.40630340576171875,46.64026354242143,eos
593,tvshow,198,21,2,14,7.0,0.6666666666666666,0.5600736141204834,41.096221351509755,eos
594,tvshow,196,21,2,11,5.5,0.5238095238095238,0.45723676681518555,50.29133891653895,eos
595,tvshow,200,38,3,22,7.333333333333333,0.5789473684210527,0.8243515491485596,48.655680676865614,eos
596,tvshow,198,31,2,17,8.5,0.5483870967741935,0.659454345703125,49.92195781682614,eos
597,tvshow,195,22,2,13,6.5,0.5909090909090909,0.5279510021209717,44.95698164297471,eos
598,tvshow,194,29,2,14,7.0,0.4827586206896552,0.5604689121246338,55.44553452126696,eos
599,tvshow,194,17,2,6,3.0,0.35294117647058826,0.28734421730041504,67.85311835005743,eos
600,tvshow,190,17,2,8,4.0,0.47058823529411764,0.3601033687591553,52.68838649505428,eos
601,tvshow,195,19,2,9,4.5,0.47368421052631576,0.3911020755767822,53.666729601450974,eos
602,tvshow,196,19,2,13,6.5,0.6842105263157895,0.5261645317077637,39.125943145250844,eos
603,tvshow,188,16,2,8,4.0,0.5,0.35410332679748535,50.745609852967874,eos
604,tvshow,189,16,2,5,2.5,0.3125,0.24880099296569824,76.72440608789397,eos
605,tvshow,198,37,3,22,7.333333333333333,0.5945945945945946,0.8212707042694092,47.3129805003079,eos
606,tvshow,199,31,2,18,9.0,0.5806451612903226,0.7162032127380371,45.754080243012474,eos
607,tvshow,192,23,2,15,7.5,0.6521739130434783,0.6101906299591064,40.43441930860116,eos
608,tvshow,194,24,2,17,8.5,0.7083333333333334,0.7139630317687988,35.56674205570285,eos
609,tvshow,206,36,3,16,5.333333333333333,0.4444444444444444,0.664107084274292,59.383343767450086,eos
610,tvshow,201,36,3,17,5.666666666666667,0.4722222222222222,0.674614667892456,56.76536467685948,eos
611,tvshow,199,32,3,16,5.333333333333333,0.5,0.6922979354858398,49.40467108441766,eos
612,tvshow,203,32,3,19,6.333333333333333,0.59375,1.0172698497772217,33.31865382736448,eos
613,tvshow,191,13,2,6,3.0,0.46153846153846156,0.3237311840057373,46.69498550695704,eos
614,tvshow,190,13,2,6,3.0,0.46153846153846156,0.2812678813934326,53.73488248780309,eos
615,tvshow,199,22,2,7,3.5,0.3181818181818182,0.31433653831481934,77.7797474299507,eos
616,tvshow,199,22,2,12,6.0,0.5454545454545454,0.49968791007995605,48.04997865586304,eos
617,tvshow,190,26,2,16,8.0,0.6153846153846154,0.7246706485748291,38.048749994987475,eos
618,tvshow,192,26,2,16,8.0,0.6153846153846154,0.8378868103027344,32.86011469530036,eos
619,tvshow,197,20,2,12,6.0,0.6,0.5712864398956299,38.50146729749717,eos
620,tvshow,193,20,2,13,6.5,0.65,0.47852587699890137,45.31208805487578,eos
621,tvshow,196,23,2,11,5.5,0.4782608695652174,0.4587738513946533,54.46077427861308,eos
622,tvshow,195,23,2,12,6.0,0.5217391304347826,0.4993014335632324,50.09974238479283,eos
623,tvshow,205,40,3,19,6.333333333333333,0.475,0.7590196132659912,55.869837275976955,eos
624,tvshow,198,35,3,19,6.333333333333333,0.5428571428571428,0.7374463081359863,50.26170588002698,eos
625,tvshow,199,33,3,14,4.666666666666667,0.42424242424242425,0.5687735080718994,62.871484632672896,eos
626,tvshow,193,16,2,7,3.5,0.4375,0.32964205741882324,55.73694970469551,eos
627,tvshow,193,48,3,34,11.333333333333334,0.7083333333333334,1.2824087142944336,38.75844998922161,eos
628,tvshow,188,24,2,15,7.5,0.625,0.602548360824585,42.80164753706658,eos
629,tvshow,193,30,2,22,11.0,0.7333333333333333,0.6800670623779297,47.0429845400707,eos
630,tvshow,195,24,2,14,7.0,0.5833333333333334,0.521198034286499,49.26818828600386,eos
631,tvshow,197,31,2,12,6.0,0.3870967741935484,0.45760464668273926,73.36292664600771,eos
632,tvshow,201,31,2,15,7.5,0.4838709677419355,0.562847375869751,59.313592729139614,eos
633,tvshow,194,34,3,25,8.333333333333334,0.7352941176470589,0.9113962650299072,39.18272176936766,eos
634,tvshow,196,34,3,16,5.333333333333333,0.47058823529411764,0.6392621994018555,57.00626447598017,eos
635,tvshow,195,43,3,29,9.666666666666666,0.6744186046511628,1.0709755420684814,41.74942174222844,eos
636,tvshow,194,35,3,26,8.666666666666666,0.7428571428571429,0.9434897899627686,38.84220439794102,eos
637,tvshow,203,42,3,21,7.0,0.5,0.8089361190795898,54.92077196477747,eos
638,tvshow,206,42,3,15,5.0,0.35714285714285715,0.5665040016174316,80.35241389048444,eos
639,tvshow,197,22,2,8,4.0,0.36363636363636365,0.3509349822998047,70.86475898797823,eos
640,tvshow,200,22,2,12,6.0,0.5454545454545454,0.4985637664794922,47.809637737744595,eos
641,tvshow,198,40,3,25,8.333333333333334,0.625,0.9235873222351074,45.67255013767458,eos
642,tvshow,197,23,2,11,5.5,0.4782608695652174,0.4551570415496826,54.8984255108651,eos
643,tvshow,197,34,3,23,7.666666666666667,0.6764705882352942,0.8671870231628418,41.41903065974583,eos
644,tvshow,199,34,3,23,7.666666666666667,0.6764705882352942,0.720383882522583,49.78494405447952,eos
645,tvshow,199,52,3,34,11.333333333333334,0.6538461538461539,1.1514582633972168,46.74379963128058,eos
646,tvshow,200,68,4,42,10.5,0.6176470588235294,1.4158475399017334,49.86274001738941,eos
647,poker_player,123,11,2,6,3.0,0.5454545454545454,0.2212507724761963,60.67138745065906,eos
648,poker_player,123,11,2,6,3.0,0.5454545454545454,0.251492977142334,50.40085935138333,eos
649,poker_player,126,22,2,12,6.0,0.5454545454545454,0.44966650009155273,53.60362829492383,eos
650,poker_player,129,22,2,10,5.0,0.45454545454545453,0.391895055770874,61.87290162515783,eos
651,poker_player,129,24,2,13,6.5,0.5416666666666666,0.4965050220489502,52.44461207401406,eos
652,poker_player,130,24,2,11,5.5,0.4583333333333333,0.43143463134765625,60.74092818247947,eos
653,poker_player,125,18,2,9,4.5,0.5,0.35248494148254395,57.09736920416937,eos
654,poker_player,125,18,2,11,5.5,0.6111111111111112,0.3948934078216553,49.296233553108394,eos
655,poker_player,130,20,2,9,4.5,0.45,0.31310558319091797,70.29667224832632,eos
656,poker_player,128,20,2,11,5.5,0.55,0.4224071502685547,51.800701289264325,eos
657,poker_player,140,34,3,20,6.666666666666667,0.5882352941176471,0.7767355442047119,46.195526705292195,eos
658,poker_player,138,35,3,22,7.333333333333333,0.6285714285714286,0.779444694519043,47.28696988964598,eos
659,poker_player,124,27,2,16,8.0,0.5925925925925926,0.5721187591552734,50.30202968897111,eos
660,poker_player,125,27,2,15,7.5,0.5555555555555556,0.5586769580841064,51.69434554611327,eos
661,poker_player,136,40,3,19,6.333333333333333,0.475,0.7238185405731201,58.35793837309367,eos
662,poker_player,134,40,3,21,7.0,0.525,0.794935941696167,53.189506145833086,eos
663,poker_player,132,37,3,20,6.666666666666667,0.5405405405405406,0.6994543075561523,55.99947093020882,eos
664,poker_player,136,37,3,19,6.333333333333333,0.5135135135135135,0.7097575664520264,55.59914686562589,eos
665,poker_player,130,40,3,21,7.0,0.525,0.7743442058563232,54.68415250489423,eos
666,poker_player,129,40,3,21,7.0,0.525,0.7415852546691895,57.04054652525583,eos
667,poker_player,127,40,3,17,5.666666666666667,0.425,0.6261322498321533,68.23854204137102,eos
668,poker_player,129,40,3,22,7.333333333333333,0.55,0.8266634941101074,50.93528393008368,eos
669,poker_player,133,40,3,22,7.333333333333333,0.55,0.7880830764770508,53.38313894243767,eos
670,poker_player,131,44,3,24,8.0,0.5454545454545454,0.9048306941986084,50.959637550067434,eos
671,poker_player,129,34,3,19,6.333333333333333,0.5588235294117647,0.8107280731201172,44.13727863670673,eos
672,poker_player,128,34,3,18,6.0,0.5294117647058824,0.6491732597351074,56.745915938655315,eos
673,poker_player,133,49,3,25,8.333333333333334,0.5102040816326531,0.88871169090271,57.536244899376506,eos
674,poker_player,125,45,3,26,8.666666666666666,0.5777777777777777,0.9300305843353271,50.65623463696374,eos
675,poker_player,125,26,2,11,5.5,0.4230769230769231,0.44011449813842773,64.13453997329027,eos
676,poker_player,127,26,2,13,6.5,0.5,0.503411054611206,55.907233929829246,eos
677,poker_player,130,24,2,14,7.0,0.5833333333333334,0.513136625289917,50.14238065079135,eos
678,poker_player,129,24,2,11,5.5,0.4583333333333333,0.429715633392334,61.384215283409304,eos
679,poker_player,131,23,2,18,9.0,0.782608695652174,0.6288638114929199,38.94734655588897,eos
680,poker_player,134,23,2,13,6.5,0.5652173913043478,0.46385645866394043,53.2123114365424,eos
681,poker_player,127,21,2,16,8.0,0.7619047619047619,0.5427806377410889,42.08484438802662,eos
682,poker_player,128,36,3,17,5.666666666666667,0.4722222222222222,0.5673351287841797,69.1227343752112,eos
683,poker_player,127,21,2,13,6.5,0.6190476190476191,0.3703346252441406,61.15749789718942,eos
684,poker_player,128,21,2,13,6.5,0.6190476190476191,0.4639759063720703,49.82694875071276,eos
685,poker_player,124,15,2,9,4.5,0.6,0.24765348434448242,67.28134754888976,eos
686,poker_player,124,24,2,18,9.0,0.75,0.44841432571411133,56.45817952140368,eos
687,voter_1,119,20,2,15,7.5,0.75,0.375746488571167,56.896048592027654,eos
688,voter_1,126,32,3,19,6.333333333333333,0.59375,0.5307633876800537,63.50883727763799,eos
689,voter_1,126,21,2,9,4.5,0.42857142857142855,0.2615396976470947,88.64807867765745,eos
690,voter_1,124,27,2,15,7.5,0.5555555555555556,0.4185054302215576,68.46009724941112,eos
691,voter_1,126,23,2,13,6.5,0.5652173913043478,0.3449430465698242,71.99799711613556,eos
692,voter_1,130,30,2,16,8.0,0.5333333333333333,0.46489691734313965,67.87343092628461,eos
693,voter_1,125,17,2,12,6.0,0.7058823529411765,0.31528759002685547,58.64443478611748,eos
694,voter_1,130,65,4,32,8.0,0.49230769230769234,0.9753129482269287,68.50652822751232,eos
695,voter_1,136,67,4,35,8.75,0.5223880597014925,1.1830298900604248,58.356354318510974,eos
696,voter_1,128,21,2,11,5.5,0.5238095238095238,0.45817995071411133,49.7739281217401,eos
697,voter_1,121,30,2,20,10.0,0.6666666666666666,0.796532154083252,39.60973505102553,eos
698,voter_1,125,45,3,25,8.333333333333334,0.5555555555555556,0.9787929058074951,48.21983238768909,eos
699,voter_1,139,51,3,27,9.0,0.5294117647058824,0.9784724712371826,53.815371388811066,eos
700,voter_1,139,115,5,57,11.4,0.4956521739130435,2.1164586544036865,55.52521834301465,eos
701,voter_1,128,28,2,12,6.0,0.42857142857142855,0.5187747478485107,59.114573048515126,eos
702,world_1,192,19,2,12,6.0,0.631578947368421,0.5140752792358398,40.22727341977345,eos
703,world_1,190,19,2,7,3.5,0.3684210526315789,0.3234059810638428,65.65091934599494,eos
704,world_1,186,16,2,10,5.0,0.625,0.42902112007141113,40.50704122144349,eos
705,world_1,184,16,2,10,5.0,0.625,0.44786906242370605,38.7470892312427,eos
706,world_1,188,25,2,12,6.0,0.48,0.45060038566589355,59.41512568210159,eos
707,world_1,190,25,2,15,7.5,0.6,0.5891921520233154,45.12013959066852,eos
708,world_1,182,38,3,21,7.0,0.5526315789473685,0.8670663833618164,46.38437387994862,eos
709,world_1,186,38,3,24,8.0,0.631578947368421,0.9534156322479248,41.943435580320305,eos
710,world_1,183,40,3,23,7.666666666666667,0.575,0.8915934562683105,47.117200247162316,eos
711,world_1,180,37,3,26,8.666666666666666,0.7027027027027027,0.9557147026062012,40.423028920737565,eos
712,world_1,184,39,3,20,6.666666666666667,0.5128205128205128,0.7976808547973633,51.54941897670587,eos
713,world_1,183,53,3,35,11.666666666666666,0.660377358490566,1.3140606880187988,42.010975975413814,eos
714,world_1,185,31,2,22,11.0,0.7096774193548387,0.8865010738372803,36.48102412703266,eos
715,world_1,184,46,3,23,7.666666666666667,0.5,0.8753094673156738,55.16796588262139,eos
716,world_1,183,27,2,14,7.0,0.5185185185185185,0.43024206161499023,67.75190361009193,eos
717,world_1,186,27,2,13,6.5,0.48148148148148145,0.5728232860565186,49.786071003554696,eos
718,world_1,190,22,2,11,5.5,0.5,0.5602004528045654,42.228853391884435,eos
719,world_1,187,27,2,16,8.0,0.5925925925925926,0.6536238193511963,44.17969469754196,eos
720,world_1,189,44,3,26,8.666666666666666,0.5909090909090909,0.9917018413543701,46.08021402964734,eos
721,world_1,188,33,3,21,7.0,0.6363636363636364,0.7782778739929199,45.631201436233326,eos
722,world_1,186,48,3,25,8.333333333333334,0.5208333333333334,0.9541225433349609,52.8732001915437,eos
723,world_1,191,56,3,30,10.0,0.5357142857142857,1.1941125392913818,48.821256956218775,eos
724,world_1,188,55,3,28,9.333333333333334,0.509090909090909,1.134289264678955,50.32965084224432,eos
725,world_1,188,28,2,19,9.5,0.6785714285714286,0.7732112407684326,38.26981269495346,eos
726,world_1,187,21,2,11,5.5,0.5238095238095238,0.4509551525115967,51.465958955983204,eos
727,world_1,187,23,2,12,6.0,0.5217391304347826,0.509831428527832,48.56871573596915,eos
728,world_1,183,20,2,15,7.5,0.75,0.5561001300811768,38.74049348152105,eos
729,world_1,184,20,2,15,7.5,0.75,0.5773394107818604,37.627245898049665,eos
730,world_1,192,35,3,21,7.0,0.6,0.7816882133483887,47.342066196040044,eos
731,world_1,190,194,8,116,14.5,0.5979381443298969,4.0632548332214355,48.470635289362086,eos
732,world_1,184,19,2,15,7.5,0.7894736842105263,0.6260013580322266,32.2516507118193,eos
733,world_1,186,20,2,12,6.0,0.6,0.5162703990936279,41.63228690380343,eos
734,world_1,183,46,3,27,9.0,0.5869565217391305,1.0441889762878418,45.78262131819706,eos
735,world_1,185,22,2,13,6.5,0.5909090909090909,0.566943883895874,41.922904612029804,eos
736,world_1,186,38,3,21,7.0,0.5526315789473685,0.781909704208374,51.55272759093342,eos
737,world_1,183,35,3,21,7.0,0.6,0.7757947444915771,47.55603063348811,eos
738,world_1,182,41,3,21,7.0,0.5121951219512195,0.855299711227417,50.24759423033529,eos
739,world_1,183,41,3,27,9.0,0.6585365853658537,1.0093879699707031,42.47075837283473,eos
740,world_1,188,66,4,40,10.0,0.6060606060606061,1.466543436050415,46.3385098491506,eos
741,world_1,188,41,3,23,7.666666666666667,0.5609756097560976,0.9060013294219971,47.57171917258305,eos
742,world_1,182,46,3,23,7.666666666666667,0.5,0.7616329193115234,64.05383445687141,eos
743,world_1,181,46,3,29,9.666666666666666,0.6304347826086957,0.9370906352996826,50.82707844266958,eos
744,world_1,183,38,3,30,10.0,0.7894736842105263,0.993584394454956,39.72195314962176,eos
745,world_1,186,35,3,22,7.333333333333333,0.6285714285714286,0.7909348011016846,46.546997690748626,eos
746,world_1,186,62,3,29,9.666666666666666,0.46774193548387094,1.0824697017669678,59.0225248609424,eos
747,world_1,186,62,3,26,8.666666666666666,0.41935483870967744,0.8758840560913086,73.53978129362933,eos
748,world_1,189,74,4,39,9.75,0.527027027027027,1.2487177848815918,62.11933601345777,eos
749,world_1,187,60,3,33,11.0,0.55,0.9358875751495361,66.99691013929225,eos
750,world_1,186,45,3,27,9.0,0.6,0.8921904563903809,52.37159904453153,eos
751,world_1,180,45,3,26,8.666666666666666,0.5777777777777777,0.952735424041748,49.69758956063803,eos
752,world_1,184,44,3,21,7.0,0.4772727272727273,0.7449653148651123,62.33744704471811,eos
753,world_1,181,44,3,25,8.333333333333334,0.5681818181818182,0.8855009078979492,51.90645735242,eos
754,world_1,188,57,3,34,11.333333333333334,0.5964912280701754,1.0965945720672607,53.61411195298913,eos
755,world_1,186,43,3,29,9.666666666666666,0.6744186046511628,1.0211188793182373,43.62957888581786,eos
756,world_1,185,46,3,25,8.333333333333334,0.5434782608695652,0.8760397434234619,55.4684080498748,eos
757,world_1,189,44,3,30,10.0,0.6818181818181818,0.9581353664398193,47.62601895593471,eos
758,world_1,186,48,3,29,9.666666666666666,0.6041666666666666,0.9919829368591309,50.13429546584208,eos
759,world_1,188,49,3,30,10.0,0.6122448979591837,0.9653983116149902,52.897392431405,eos
760,world_1,185,43,3,30,10.0,0.6976744186046512,0.9140028953552246,49.27412109689804,eos
761,world_1,184,43,3,28,9.333333333333334,0.6511627906976745,0.8612833023071289,51.88025368377326,eos
762,world_1,191,41,3,23,7.666666666666667,0.5609756097560976,0.7450504302978516,57.62387570901053,eos
763,world_1,192,41,3,25,8.333333333333334,0.6097560975609756,0.8009433746337891,53.82461621231181,eos
764,world_1,190,53,3,26,8.666666666666666,0.49056603773584906,0.8180630207061768,68.35993115166909,eos
765,world_1,190,53,3,30,10.0,0.5660377358490566,0.9650847911834717,56.62860722652365,eos
766,world_1,191,41,3,26,8.666666666666666,0.6341463414634146,0.9212179183959961,46.616469216476716,eos
767,world_1,186,32,3,20,6.666666666666667,0.625,0.6841995716094971,49.853190077727305,eos
768,world_1,191,51,3,24,8.0,0.47058823529411764,0.7753982543945312,68.36113894800951,eos
769,world_1,194,51,3,24,8.0,0.47058823529411764,0.7582135200500488,71.04493771329251,eos
770,world_1,197,58,3,36,12.0,0.6206896551724138,1.097895622253418,54.62003140088755,eos
771,world_1,195,63,3,38,12.666666666666666,0.6031746031746031,1.1010949611663818,59.42421546423341,eos
772,world_1,189,27,2,16,8.0,0.5925925925925926,0.46538281440734863,62.18688314907521,eos
773,world_1,187,34,3,20,6.666666666666667,0.5882352941176471,0.5985867977142334,59.65710272797103,eos
774,world_1,191,35,3,23,7.666666666666667,0.6571428571428571,0.6990611553192139,52.73586582597527,eos
775,world_1,189,48,3,35,11.666666666666666,0.7291666666666666,1.1637177467346191,42.598231682487985,eos
776,world_1,189,48,3,35,11.666666666666666,0.7291666666666666,1.193483829498291,41.90369473078143,eos
777,world_1,192,39,3,24,8.0,0.6153846153846154,0.7536711692810059,54.49659899111564,eos
778,world_1,187,25,2,15,7.5,0.6,0.4993422031402588,53.31350628121016,eos
779,world_1,186,25,2,13,6.5,0.52,0.49659276008605957,54.312806613808554,eos
780,world_1,189,16,2,9,4.5,0.5625,0.32218074798583984,56.05333052355446,eos
781,world_1,192,19,2,10,5.0,0.5263157894736842,0.33594536781311035,62.41924489260115,eos
782,world_1,194,40,3,22,7.333333333333333,0.55,0.7299580574035645,58.4568766228324,eos
783,world_1,193,40,3,21,7.0,0.525,0.6874716281890869,61.2447707322436,eos
784,world_1,188,58,3,33,11.0,0.5689655172413793,0.9873220920562744,60.80128648544975,eos
785,world_1,191,58,3,34,11.333333333333334,0.5862068965517241,1.0778000354766846,56.09771519928423,eos
786,world_1,188,59,3,39,13.0,0.6610169491525424,1.2956275939941406,47.22774278359269,eos
787,world_1,193,59,3,38,12.666666666666666,0.6440677966101694,1.1378767490386963,53.80853990749965,eos
788,world_1,193,32,3,21,7.0,0.65625,0.6982808113098145,47.72652397958977,eos
789,world_1,194,33,3,24,8.0,0.7272727272727273,0.7693634033203125,44.8314886622875,eos
790,world_1,190,38,3,26,8.666666666666666,0.6842105263157895,0.8495731353759766,47.20689809003508,eos
791,world_1,193,42,3,24,8.0,0.5714285714285714,0.6941518783569336,63.120715598986635,eos
792,world_1,195,45,3,21,7.0,0.4666666666666667,0.7188677787780762,66.74291436182546,eos
793,world_1,197,47,3,29,9.666666666666666,0.6170212765957447,0.944542646408081,51.898053027395314,eos
794,world_1,193,33,3,22,7.333333333333333,0.6666666666666666,0.7390735149383545,47.56005709615327,eos
795,world_1,193,33,3,21,7.0,0.6363636363636364,0.7052211761474609,49.498461784691635,eos
796,world_1,197,78,4,53,13.25,0.6794871794871795,1.7318360805511475,46.340009683789866,eos
797,world_1,203,56,3,35,11.666666666666666,0.625,1.1694614887237549,49.89567753403099,eos
798,world_1,197,55,3,34,11.333333333333334,0.6181818181818182,1.13944673538208,50.1432963208147,eos
799,world_1,206,55,3,39,13.0,0.7090909090909091,1.6239533424377441,34.75833156255225,eos
800,world_1,190,20,2,8,4.0,0.4,0.33179450035095215,68.61915824396598,eos
801,world_1,187,20,2,7,3.5,0.35,0.30194926261901855,74.38126925412836,eos
802,world_1,187,16,2,9,4.5,0.5625,0.3856339454650879,46.146459310051185,eos
803,world_1,185,16,2,7,3.5,0.4375,0.2882218360900879,64.76105482250355,eos
804,world_1,188,16,2,9,4.5,0.5625,0.36079835891723633,48.46914903164901,eos
805,world_1,188,23,2,18,9.0,0.782608695652174,0.7755453586578369,31.263782314187115,eos
806,world_1,181,15,2,7,3.5,0.4666666666666667,0.3456130027770996,51.192216210382675,eos
807,world_1,182,15,2,6,3.0,0.4,0.25418782234191895,69.69213643195532,eos
808,world_1,200,32,3,18,6.0,0.5625,0.6514120101928711,52.48838485076377,eos
809,world_1,196,43,3,21,7.0,0.4883720930232558,0.814450740814209,55.76091644292512,eos
810,world_1,201,68,4,36,9.0,0.5294117647058824,1.1974270343780518,59.32845867881651,eos
811,world_1,201,69,4,37,9.25,0.5362318840579711,1.3575589656829834,52.56831985099572,eos
812,world_1,198,27,2,11,5.5,0.4074074074074074,0.40651464462280273,74.49215964049793,eos
813,world_1,200,27,2,10,5.0,0.37037037037037035,0.39629387855529785,74.10101471458661,eos
814,world_1,185,28,2,18,9.0,0.6428571428571429,0.6820728778839111,43.66711224514312,eos
815,world_1,185,28,2,17,8.5,0.6071428571428571,0.614715576171875,48.542511189822754,eos
816,world_1,189,52,3,35,11.666666666666666,0.6730769230769231,1.2500791549682617,42.613226657784296,eos
817,world_1,199,41,3,26,8.666666666666666,0.6341463414634146,0.92724609375,46.23280146997437,eos
818,world_1,192,36,3,18,6.0,0.5,0.6684262752532959,58.082894404776226,eos
819,world_1,188,36,3,23,7.666666666666667,0.6388888888888888,0.8314104080200195,45.276055129087396,eos
820,world_1,191,32,3,19,6.333333333333333,0.59375,0.6815853118896484,50.05898387354437,eos
821,world_1,188,43,3,28,9.333333333333334,0.6511627906976745,1.0296804904937744,43.52817976905144,eos
822,orchestra,182,10,2,9,4.5,0.9,0.3768270015716553,29.389480045769574,eos
823,orchestra,182,16,2,11,5.5,0.6875,0.44269299507141113,39.58827373475834,eos
824,orchestra,187,13,2,8,4.0,0.6153846153846154,0.3615455627441406,40.353837710211586,eos
825,orchestra,187,16,2,7,3.5,0.4375,0.32505249977111816,56.38463525057403,eos
826,orchestra,190,15,2,9,4.5,0.6,0.3812992572784424,43.7822603870099,eos
827,orchestra,190,15,2,9,4.5,0.6,0.3918888568878174,42.46635653336581,eos
828,orchestra,194,20,2,11,5.5,0.55,0.4559464454650879,48.27446695279648,eos
829,orchestra,194,20,2,8,4.0,0.4,0.3622324466705322,62.21441078495704,eos
830,orchestra,183,17,2,9,4.5,0.5294117647058824,0.39993882179260254,47.42051558557449,eos
831,orchestra,183,17,2,8,4.0,0.47058823529411764,0.3678121566772461,52.19436533742108,eos
832,orchestra,192,24,2,13,6.5,0.5416666666666666,0.530536413192749,49.23128648695711,eos
833,orchestra,193,24,2,13,6.5,0.5416666666666666,0.5334742069244385,48.37855142930621,eos
834,orchestra,185,24,2,16,8.0,0.6666666666666666,0.6493768692016602,39.25964232112823,eos
835,orchestra,186,24,2,16,8.0,0.6666666666666666,0.6443891525268555,39.80304306694309,eos
836,orchestra,188,15,2,8,4.0,0.5333333333333333,0.3521437644958496,47.81864202254788,eos
837,orchestra,194,19,2,9,4.5,0.47368421052631576,0.4141123294830322,51.36654585131196,eos
838,orchestra,188,21,2,11,5.5,0.5238095238095238,0.498767614364624,45.51595445791371,eos
839,orchestra,191,51,3,33,11.0,0.6470588235294118,1.2688331604003906,41.6328245560189,eos
840,orchestra,189,28,2,13,6.5,0.4642857142857143,0.5653986930847168,53.57411131576668,eos
841,orchestra,196,28,2,15,7.5,0.5357142857142857,0.6534097194671631,45.8857655027773,eos
842,orchestra,190,43,3,27,9.0,0.627906976744186,1.033623218536377,43.37751853439435,eos
843,orchestra,191,43,3,24,8.0,0.5581395348837209,0.9104456901550293,49.52517668017064,eos
844,orchestra,191,45,3,25,8.333333333333334,0.5555555555555556,0.9304792881011963,50.49258524572798,eos
845,orchestra,190,45,3,29,9.666666666666666,0.6444444444444445,1.0822162628173828,42.79773764363097,eos
846,orchestra,195,39,3,22,7.333333333333333,0.5641025641025641,0.8704285621643066,47.258261092599625,eos
847,orchestra,197,39,3,22,7.333333333333333,0.5641025641025641,0.8628277778625488,47.61347498231078,eos
848,orchestra,189,28,2,16,8.0,0.5714285714285714,0.6027979850769043,49.55720768087126,eos
849,orchestra,185,32,3,17,5.666666666666667,0.53125,0.7146437168121338,48.08767221940734,eos
850,orchestra,189,24,2,13,6.5,0.5416666666666666,0.5451860427856445,47.59942344219066,eos
851,orchestra,190,28,2,21,10.5,0.75,0.640023946762085,46.73395695180385,eos
852,orchestra,188,28,2,15,7.5,0.5357142857142857,0.37131261825561523,80.14144325265794,eos
853,orchestra,189,28,2,16,8.0,0.5714285714285714,0.40932798385620117,72.4189161878737,eos
854,orchestra,186,22,2,14,7.0,0.6363636363636364,0.31976938247680664,73.60840497003839,eos
855,orchestra,187,22,2,14,7.0,0.6363636363636364,0.34539079666137695,67.82975624059793,eos
856,orchestra,198,48,3,23,7.666666666666667,0.4791666666666667,0.5354704856872559,95.67385550088117,eos
857,orchestra,204,48,3,22,7.333333333333333,0.4583333333333333,0.5556843280792236,90.22034502783418,eos
858,orchestra,192,22,2,12,6.0,0.5454545454545454,0.29286766052246094,81.97201293936645,eos
859,orchestra,191,22,2,11,5.5,0.5,0.2690608501434326,89.36688944567089,eos
860,orchestra,192,48,3,28,9.333333333333334,0.5833333333333334,0.8071906566619873,61.93765441326767,eos
861,orchestra,192,48,3,25,8.333333333333334,0.5208333333333334,0.7676351070404053,66.56629292654155,eos
862,network_1,107,12,2,8,4.0,0.6666666666666666,0.2968416213989258,48.412562373513325,eos
863,network_1,107,12,2,8,4.0,0.6666666666666666,0.296069860458374,45.53571424803893,eos
864,network_1,110,13,2,9,4.5,0.6923076923076923,0.3126528263092041,47.024324788730326,eos
865,network_1,111,13,2,9,4.5,0.6923076923076923,0.3222792148590088,46.59869628281969,eos
866,network_1,109,12,2,7,3.5,0.5833333333333334,0.27045106887817383,53.21601615129333,eos
867,network_1,109,11,2,7,3.5,0.6363636363636364,0.26574134826660156,49.49472141979092,eos
868,network_1,105,16,2,10,5.0,0.625,0.32561731338500977,55.626849078682305,eos
869,network_1,110,16,2,7,3.5,0.4375,0.26940178871154785,68.61763913630219,eos
870,network_1,113,17,2,8,4.0,0.47058823529411764,0.3076951503753662,63.88909862150842,eos
871,network_1,114,17,2,8,4.0,0.47058823529411764,0.2986032962799072,66.8630005733815,eos
872,network_1,110,16,2,7,3.5,0.4375,0.24581551551818848,75.60088289653989,eos
873,network_1,105,16,2,9,4.5,0.5625,0.31090569496154785,57.76350786769954,eos
874,network_1,115,21,2,13,6.5,0.6190476190476191,0.42435288429260254,55.253075510556975,eos
875,network_1,115,21,2,14,7.0,0.6666666666666666,0.4272933006286621,53.19222877706244,eos
876,network_1,110,25,2,15,7.5,0.6,0.5039536952972412,53.01080643329876,eos
877,network_1,109,25,2,16,8.0,0.64,0.5236225128173828,52.079958659193636,eos
878,network_1,108,26,2,18,9.0,0.6923076923076923,0.5633056163787842,49.84467507261161,eos
879,network_1,112,26,2,17,8.5,0.6538461538461539,0.6089437007904053,46.152480528010884,eos
880,network_1,111,25,2,14,7.0,0.56,0.5025718212127686,54.298069928815224,eos
881,network_1,110,24,2,16,8.0,0.6666666666666666,0.6355133056640625,40.447551819054276,eos
882,network_1,111,26,2,15,7.5,0.5769230769230769,0.5034186840057373,55.79490076791096,eos
883,network_1,107,26,2,13,6.5,0.5,0.42637062072753906,66.1797508476562,eos
884,network_1,113,40,3,20,6.666666666666667,0.5,0.625995397567749,68.04760305209504,eos
885,network_1,116,40,3,21,7.0,0.525,0.6470401287078857,66.9486569753104,eos
886,network_1,116,43,3,27,9.0,0.627906976744186,0.8739297389984131,51.554110783219926,eos
887,network_1,112,43,3,22,7.333333333333333,0.5116279069767442,0.700319766998291,65.2476370754938,eos
888,network_1,114,41,3,21,7.0,0.5121951219512195,0.6814179420471191,64.84830572776306,eos
889,network_1,115,44,3,25,8.333333333333334,0.5681818181818182,0.8324124813079834,55.68312101101564,eos
890,network_1,113,57,3,28,9.333333333333334,0.49122807017543857,0.8973615169525146,66.90850106458285,eos
891,network_1,111,57,3,36,12.0,0.631578947368421,1.0936923027038574,54.77488136485111,eos
892,network_1,110,37,3,23,7.666666666666667,0.6216216216216216,0.814769983291626,47.98258940531878,eos
893,network_1,107,38,3,27,9.0,0.7105263157894737,0.8509688377380371,46.90997061129759,eos
894,network_1,111,21,2,15,7.5,0.7142857142857143,0.5910487174987793,37.724388909386136,eos
895,network_1,113,21,2,15,7.5,0.7142857142857143,0.6008317470550537,37.47069036172885,eos
896,network_1,113,21,2,11,5.5,0.5238095238095238,0.4532127380371094,50.90002836467228,eos
897,network_1,110,21,2,9,4.5,0.42857142857142855,0.3924531936645508,60.959622908058755,eos
898,network_1,117,33,3,18,6.0,0.5454545454545454,0.7281014919281006,49.34912230880959,eos
899,network_1,113,22,2,13,6.5,0.5909090909090909,0.558692455291748,42.56060386491359,eos
900,network_1,116,32,3,14,4.666666666666667,0.4375,0.7343456745147705,48.65557360290611,eos
901,network_1,115,95,4,58,14.5,0.6105263157894737,2.1761443614959717,45.15703960027943,eos
902,network_1,109,26,2,15,7.5,0.5769230769230769,0.6795969009399414,41.361461766584156,eos
903,network_1,108,26,2,14,7.0,0.5384615384615384,0.6687531471252441,42.644304223971446,eos
904,network_1,117,41,3,27,9.0,0.6585365853658537,1.2370455265045166,35.10631308898225,eos
905,network_1,119,40,3,22,7.333333333333333,0.55,0.5942337512969971,70.67590347613955,eos
906,network_1,116,44,3,24,8.0,0.5454545454545454,0.6553831100463867,70.11863278223325,eos
907,network_1,110,44,3,27,9.0,0.6136363636363636,0.721005916595459,63.53652512010917,eos
908,network_1,112,34,3,23,7.666666666666667,0.6764705882352942,1.154026985168457,30.73284550004663,eos
909,network_1,113,34,3,25,8.333333333333334,0.7352941176470589,1.9997267723083496,18.53871280184157,eos
910,network_1,120,48,3,29,9.666666666666666,0.6041666666666666,2.1301262378692627,24.51610954771475,eos
911,network_1,123,48,3,27,9.0,0.5625,2.0002713203430176,25.785155085725055,eos
912,network_1,106,26,2,14,7.0,0.5384615384615384,1.1247735023498535,25.53297723374797,eos
913,network_1,113,26,2,18,9.0,0.6923076923076923,1.4128329753875732,20.070820723327138,eos
914,network_1,111,25,2,17,8.5,0.68,1.2681021690368652,21.57621122098073,eos
915,network_1,110,25,2,18,9.0,0.72,1.122525691986084,22.725503650830646,eos
916,network_1,110,26,2,16,8.0,0.6153846153846154,1.2709102630615234,22.542070778051414,eos
917,network_1,113,26,2,18,9.0,0.6923076923076923,1.4484739303588867,19.58862461291943,eos
918,dog_kennels,318,20,2,10,5.0,0.5,0.9064657688140869,26.495889457483283,eos
919,dog_kennels,318,20,2,12,6.0,0.6,0.957148551940918,23.896571992409953,eos
920,dog_kennels,323,30,2,19,9.5,0.6333333333333333,1.4530529975891113,22.86965172868225,eos
921,dog_kennels,320,33,3,25,8.333333333333334,0.7575757575757576,1.8443429470062256,19.480113272604967,eos
922,dog_kennels,339,77,4,56,14.0,0.7272727272727273,4.006723165512085,20.34693570686543,eos
923,dog_kennels,335,59,3,37,12.333333333333334,0.6271186440677966,2.688741683959961,23.493709647445776,eos
924,dog_kennels,330,53,3,24,8.0,0.4528301886792453,1.653865098953247,34.51521086936919,eos
925,dog_kennels,332,65,4,37,9.25,0.5692307692307692,1.3238065242767334,54.13167771397172,eos
926,dog_kennels,325,51,3,30,10.0,0.5882352941176471,0.7381694316864014,72.44434854372075,eos
927,dog_kennels,327,51,3,28,9.333333333333334,0.5490196078431373,0.7065541744232178,75.32717417405482,eos
928,dog_kennels,328,34,3,15,5.0,0.4411764705882353,0.4913620948791504,73.95132984314328,eos
929,dog_kennels,328,34,3,19,6.333333333333333,0.5588235294117647,0.5811314582824707,62.25958837918744,eos
930,dog_kennels,326,61,3,30,10.0,0.4918032786885246,0.8057687282562256,78.9853534260233,eos
931,dog_kennels,327,61,3,32,10.666666666666666,0.5245901639344263,1.0808076858520508,57.88260474591095,eos
932,dog_kennels,329,64,4,32,8.0,0.5,1.2000293731689453,55.53520720044214,eos
933,dog_kennels,329,64,4,31,7.75,0.484375,1.2002975940704346,55.302621376234534,eos
934,dog_kennels,320,41,3,22,7.333333333333333,0.5365853658536586,0.8229494094848633,52.33461219682996,eos
935,dog_kennels,322,41,3,22,7.333333333333333,0.5365853658536586,0.8252699375152588,52.87441280510596,eos
936,dog_kennels,330,68,4,40,10.0,0.5882352941176471,1.4176177978515625,49.18775130463868,eos
937,dog_kennels,331,69,4,33,8.25,0.4782608695652174,1.1938631534576416,60.34380378002959,eos
938,dog_kennels,324,66,4,38,9.5,0.5757575757575758,1.461806297302246,46.852521938081345,eos
939,dog_kennels,323,66,4,33,8.25,0.5,1.2378578186035156,55.35997403011366,eos
940,dog_kennels,331,73,4,35,8.75,0.4794520547945205,1.275240421295166,59.70347443912662,eos
941,dog_kennels,331,90,4,45,11.25,0.5,1.5860066413879395,58.71244600366757,eos
942,dog_kennels,327,60,3,26,8.666666666666666,0.43333333333333335,1.0490972995758057,59.70542186763787,eos
943,dog_kennels,326,60,3,36,12.0,0.6,1.4119644165039062,43.812080347629816,eos
944,dog_kennels,328,51,3,22,7.333333333333333,0.43137254901960786,0.8245952129364014,65.397253237574,eos
945,dog_kennels,330,51,3,27,9.0,0.5294117647058824,1.0201973915100098,51.944877631134844,eos
946,dog_kennels,327,34,3,24,8.0,0.7058823529411765,0.7557125091552734,47.535206566404646,eos
947,dog_kennels,323,34,3,21,7.0,0.6176470588235294,0.5893480777740479,60.221385389189265,eos
948,dog_kennels,321,48,3,26,8.666666666666666,0.5416666666666666,1.0372724533081055,48.05467113034885,eos
949,dog_kennels,320,48,3,21,7.0,0.4375,0.8261950016021729,61.303675218075384,eos
950,dog_kennels,327,57,3,29,9.666666666666666,0.5087719298245614,0.95375657081604,61.744564061350694,eos
951,dog_kennels,326,54,3,30,10.0,0.5555555555555556,1.0091934204101562,55.08612857111027,eos
952,dog_kennels,322,26,2,11,5.5,0.4230769230769231,0.554577112197876,51.71693522396852,eos
953,dog_kennels,321,26,2,13,6.5,0.5,0.6660263538360596,42.36351809320978,eos
954,dog_kennels,326,81,4,44,11.0,0.5432098765432098,1.6492094993591309,50.459667670072115,eos
955,dog_kennels,324,65,4,36,9.0,0.5538461538461539,1.08894681930542,62.0428802830982,eos
956,dog_kennels,331,35,3,19,6.333333333333333,0.5428571428571428,0.7020463943481445,52.271659790343385,eos
957,dog_kennels,325,35,3,20,6.666666666666667,0.5714285714285714,0.806488037109375,45.46607151994417,eos
958,dog_kennels,327,34,3,18,6.0,0.5294117647058824,0.7021059989929199,50.84745022209252,eos
959,dog_kennels,324,34,3,18,6.0,0.5294117647058824,0.703805685043335,50.92815315966288,eos
960,dog_kennels,320,37,3,24,8.0,0.6486486486486487,0.8851854801177979,44.04528773713096,eos
961,dog_kennels,322,37,3,22,7.333333333333333,0.5945945945945946,0.7009913921356201,55.635333451252386,eos
962,dog_kennels,327,22,2,12,6.0,0.5454545454545454,0.4891815185546875,49.19027992584084,eos
963,dog_kennels,328,22,2,14,7.0,0.6363636363636364,0.4806396961212158,50.36741690583052,eos
964,dog_kennels,322,15,2,8,4.0,0.5333333333333333,0.33298826217651367,49.6261708459812,eos
965,dog_kennels,321,15,2,8,4.0,0.5333333333333333,0.3841524124145508,43.548138213892166,eos
966,dog_kennels,316,16,2,9,4.5,0.5625,0.40553736686706543,44.31160219769462,eos
967,dog_kennels,319,28,2,19,9.5,0.6785714285714286,0.682173490524292,43.800678820411505,eos
968,dog_kennels,318,23,2,17,8.5,0.7391304347826086,0.6340045928955078,39.024171872255025,eos
969,dog_kennels,319,23,2,19,9.5,0.8260869565217391,0.6461801528930664,37.9596316442538,eos
970,dog_kennels,332,30,2,19,9.5,0.6333333333333333,0.6222796440124512,50.23685008270546,eos
971,dog_kennels,331,24,2,12,6.0,0.5,0.4191436767578125,61.83312682248407,eos
972,dog_kennels,332,29,2,14,7.0,0.4827586206896552,0.5050022602081299,60.587944001531554,eos
973,dog_kennels,332,29,2,14,7.0,0.4827586206896552,0.5485169887542725,56.437168465855244,eos
974,dog_kennels,318,20,2,14,7.0,0.7,0.5433955192565918,39.21954394356169,eos
975,dog_kennels,320,22,2,13,6.5,0.5909090909090909,0.46923828125,50.70593365571117,eos
976,dog_kennels,317,22,2,13,6.5,0.5909090909090909,0.5298833847045898,45.11366501401474,eos
977,dog_kennels,319,26,2,11,5.5,0.4230769230769231,0.43199825286865234,65.32973139608626,eos
978,dog_kennels,318,22,2,12,6.0,0.5454545454545454,0.43163275718688965,54.93490323959234,eos
979,dog_kennels,321,24,2,17,8.5,0.7083333333333334,0.6724429130554199,37.57536520745808,eos
980,dog_kennels,318,43,3,31,10.333333333333334,0.7209302325581395,1.1879065036773682,37.39187888087074,eos
981,dog_kennels,323,39,3,21,7.0,0.5384615384615384,0.8798840045928955,46.2164569852772,eos
982,dog_kennels,319,32,3,20,6.666666666666667,0.625,0.7856378555297852,42.6849846109598,eos
983,dog_kennels,320,40,3,29,9.666666666666666,0.725,1.0879697799682617,38.61441474748,eos
984,dog_kennels,337,20,2,10,5.0,0.5,0.47064805030822754,46.99832131961513,eos
985,dog_kennels,342,22,2,13,6.5,0.5909090909090909,0.48586463928222656,50.16762165183471,eos
986,dog_kennels,318,14,2,8,4.0,0.5714285714285714,0.3052542209625244,51.38261928497213,eos
987,dog_kennels,317,14,2,9,4.5,0.6428571428571429,0.36974287033081055,42.182877494074255,eos
988,dog_kennels,317,16,2,11,5.5,0.6875,0.4367232322692871,39.79607516721382,eos
989,dog_kennels,317,16,2,11,5.5,0.6875,0.4837467670440674,35.69996501683295,eos
990,dog_kennels,323,14,2,6,3.0,0.42857142857142855,0.3239939212799072,50.7110823756618,eos
991,dog_kennels,316,13,2,6,3.0,0.46153846153846156,0.30486464500427246,50.54735987590055,eos
992,dog_kennels,318,19,2,16,8.0,0.8421052631578947,0.6673998832702637,30.70355241111369,eos
993,dog_kennels,320,19,2,14,7.0,0.7368421052631579,0.5545549392700195,37.3764766395911,eos
994,dog_kennels,322,16,2,6,3.0,0.375,0.30126285552978516,60.81739551190656,eos
995,dog_kennels,322,16,2,6,3.0,0.375,0.2965426445007324,62.57762461805742,eos
996,dog_kennels,320,32,3,16,5.333333333333333,0.5,0.5344176292419434,64.00968005121155,eos
997,dog_kennels,320,46,3,17,5.666666666666667,0.3695652173913043,0.6217339038848877,78.29348551059853,eos
998,dog_kennels,327,52,3,27,9.0,0.5192307692307693,0.9678621292114258,56.466003504146975,eos
999,dog_kennels,324,52,3,32,10.666666666666666,0.6153846153846154,1.0423378944396973,51.309938133430244,eos
1000,singer,117,10,2,7,3.5,0.7,0.25177597999572754,45.41481968700265,eos
1001,singer,118,10,2,4,2.0,0.4,0.17949724197387695,69.18079118709322,eos
1002,singer,123,17,2,10,5.0,0.5882352941176471,0.3573622703552246,51.86736867632345,eos
1003,singer,123,17,2,8,4.0,0.47058823529411764,0.3607172966003418,52.91776905483919,eos
1004,singer,121,13,2,6,3.0,0.46153846153846156,0.26335811614990234,57.997092876050445,eos
1005,singer,123,13,2,5,2.5,0.38461538461538464,0.212477445602417,70.79282079992315,eos
1006,singer,123,14,2,7,3.5,0.5,0.31841373443603516,49.95982695736709,eos
1007,singer,124,14,2,8,4.0,0.5714285714285714,0.34209704399108887,45.362141588042384,eos
1008,singer,133,25,2,11,5.5,0.44,0.3650956153869629,77.11519720662619,eos
1009,singer,135,25,2,10,5.0,0.4,0.3715982437133789,73.90722374041091,eos
1010,singer,124,20,2,15,7.5,0.75,0.5366404056549072,40.13589959285995,eos
1011,singer,124,20,2,15,7.5,0.75,0.5513441562652588,38.74192787379355,eos
1012,singer,125,22,2,15,7.5,0.6818181818181818,0.6224551200866699,38.003098251011686,eos
1013,singer,123,22,2,15,7.5,0.6818181818181818,0.5596356391906738,42.86576441470895,eos
1014,singer,120,24,2,17,8.5,0.7083333333333334,0.7132627964019775,35.30112258219116,eos
1015,singer,119,24,2,11,5.5,0.4583333333333333,0.5324935913085938,49.52436929574843,eos
1016,singer,126,29,2,17,8.5,0.5862068965517241,0.6766190528869629,45.94571654095771,eos
1017,singer,122,29,2,16,8.0,0.5517241379310345,0.5174131393432617,60.48179750316589,eos
1018,singer,120,27,2,14,7.0,0.5185185185185185,0.3926961421966553,73.53364454895345,eos
1019,singer,120,27,2,16,8.0,0.5925925925925926,0.49463725090026855,57.961001887095186,eos
1020,singer,131,40,3,23,7.666666666666667,0.575,0.7536911964416504,55.73078637699375,eos
1021,singer,132,40,3,19,6.333333333333333,0.475,0.6120810508728027,70.07676779305639,eos
1022,singer,123,43,3,23,7.666666666666667,0.5348837209302325,0.7283029556274414,62.41422225984937,eos
1023,singer,125,45,3,26,8.666666666666666,0.5777777777777777,0.8276145458221436,56.694145545824135,eos
1024,singer,124,42,3,25,8.333333333333334,0.5952380952380952,0.8217916488647461,53.6834337125113,eos
1025,singer,125,40,3,21,7.0,0.525,0.6505515575408936,65.55592800781213,eos
1026,singer,123,20,2,10,5.0,0.5,0.4108877182006836,53.45458714898834,eos
1027,singer,126,22,2,9,4.5,0.4090909090909091,0.3381319046020508,71.67315212077635,eos
1028,singer,134,42,3,18,6.0,0.42857142857142855,0.6301264762878418,70.92050321224784,eos
1029,singer,139,42,3,20,6.666666666666667,0.47619047619047616,0.7183949947357178,61.54990089397587,eos
1030,real_estate_properties,305,22,2,14,7.0,0.6363636363636364,0.513416051864624,47.367328813778,eos
1031,real_estate_properties,307,62,3,34,11.333333333333334,0.5483870967741935,1.1925525665283203,54.13381983603068,eos
1032,real_estate_properties,308,35,3,20,6.666666666666667,0.5714285714285714,0.7768650054931641,48.20591455656329,eos
1033,real_estate_properties,315,41,3,25,8.333333333333334,0.6097560975609756,0.8510355949401855,50.984835198294746,eos
